date,day_of_week,week_number,month,quarter,year,is_weekend,is_month_start,is_month_end,is_salary_day,holiday_name,festival_name,weather,temperature,humidity,rainfall,local_event
2023-01-01,Sunday,52,1,Q1,2023,True,True,False,True,New Year,New Year,Sunny,12.1,60,0.5,Weekly Market
2023-01-02,Monday,1,1,Q1,2023,False,False,False,False,,,Sunny,20.0,63,0.3,
2023-01-03,Tuesday,1,1,Q1,2023,False,False,False,False,,,Sunny,28.5,31,0.5,
2023-01-04,Wednesday,1,1,Q1,2023,False,False,False,False,,,Sunny,21.0,49,0.9,
2023-01-05,Thursday,1,1,Q1,2023,False,False,False,False,,,Cloudy,29.6,67,7.2,
2023-01-06,Friday,1,1,Q1,2023,False,False,False,False,,,Sunny,14.3,50,0.2,
2023-01-07,Saturday,1,1,Q1,2023,True,False,False,True,,,Sunny,24.9,68,1.3,
2023-01-08,Sunday,1,1,Q1,2023,True,False,False,False,,,Sunny,28.5,50,1.5,Weekly Market
2023-01-09,Monday,2,1,Q1,2023,False,False,False,False,,,Sunny,28.3,59,1.6,
2023-01-10,Tuesday,2,1,Q1,2023,False,False,False,False,,,Cloudy,13.6,55,6.9,
2023-01-11,Wednesday,2,1,Q1,2023,False,False,False,False,,,Sunny,13.9,63,1.3,
2023-01-12,Thursday,2,1,Q1,2023,False,False,False,False,,,Sunny,27.3,70,1.1,
2023-01-13,Friday,2,1,Q1,2023,False,False,False,False,,,Sunny,27.4,68,0.4,
2023-01-14,Saturday,2,1,Q1,2023,True,False,False,False,,,Sunny,16.2,40,0.0,
2023-01-15,Sunday,2,1,Q1,2023,True,False,False,False,Sankranti,Sankranti,Sunny,27.8,66,1.3,Weekly Market
2023-01-16,Monday,3,1,Q1,2023,False,False,False,False,,,Sunny,28.1,65,1.7,Political Rally
2023-01-17,Tuesday,3,1,Q1,2023,False,False,False,False,,,Sunny,30.5,49,1.7,
2023-01-18,Wednesday,3,1,Q1,2023,False,False,False,False,,,Cloudy,27.2,45,3.1,
2023-01-19,Thursday,3,1,Q1,2023,False,False,False,False,,,Sunny,18.3,63,0.1,
2023-01-20,Friday,3,1,Q1,2023,False,False,False,False,,,Rainy,27.0,69,43.0,
2023-01-21,Saturday,3,1,Q1,2023,True,False,False,False,,,Sunny,13.4,42,1.7,
2023-01-22,Sunday,3,1,Q1,2023,True,False,False,False,,,Sunny,21.4,67,0.6,Weekly Market
2023-01-23,Monday,4,1,Q1,2023,False,False,False,False,,,Sunny,20.7,52,0.1,
2023-01-24,Tuesday,4,1,Q1,2023,False,False,False,False,,,Storm,29.6,66,130.2,
2023-01-25,Wednesday,4,1,Q1,2023,False,False,False,True,,,Sunny,20.5,78,1.9,
2023-01-26,Thursday,4,1,Q1,2023,False,False,False,False,Republic Day,Republic Day,Sunny,12.2,35,1.3,
2023-01-27,Friday,4,1,Q1,2023,False,False,False,False,,,Cloudy,16.6,30,2.4,
2023-01-28,Saturday,4,1,Q1,2023,True,False,False,False,,,Sunny,21.0,30,0.7,
2023-01-29,Sunday,4,1,Q1,2023,True,False,False,False,,,Rainy,30.5,72,43.2,Weekly Market
2023-01-30,Monday,5,1,Q1,2023,False,False,False,True,,,Sunny,19.9,30,0.3,
2023-01-31,Tuesday,5,1,Q1,2023,False,False,True,False,,,Cloudy,22.1,66,1.1,
2023-02-01,Wednesday,5,2,Q1,2023,False,True,False,True,,,Sunny,15.7,63,1.7,
2023-02-02,Thursday,5,2,Q1,2023,False,False,False,False,,,Sunny,30.1,54,1.3,
2023-02-03,Friday,5,2,Q1,2023,False,False,False,False,,,Sunny,12.5,61,1.0,
2023-02-04,Saturday,5,2,Q1,2023,True,False,False,False,,,Sunny,26.4,30,1.6,
2023-02-05,Sunday,5,2,Q1,2023,True,False,False,False,,,Sunny,12.3,53,1.6,Weekly Market
2023-02-06,Monday,6,2,Q1,2023,False,False,False,False,,,Rainy,28.5,49,51.2,
2023-02-07,Tuesday,6,2,Q1,2023,False,False,False,True,,,Sunny,15.2,30,1.1,
2023-02-08,Wednesday,6,2,Q1,2023,False,False,False,False,,,Cloudy,27.3,56,5.9,
2023-02-09,Thursday,6,2,Q1,2023,False,False,False,False,,,Cloudy,27.4,39,5.2,
2023-02-10,Friday,6,2,Q1,2023,False,False,False,False,,,Rainy,17.3,46,20.1,
2023-02-11,Saturday,6,2,Q1,2023,True,False,False,False,,,Cloudy,25.7,43,5.9,
2023-02-12,Sunday,6,2,Q1,2023,True,False,False,False,,,Sunny,23.0,37,1.4,Weekly Market
2023-02-13,Monday,7,2,Q1,2023,False,False,False,False,,,Sunny,29.9,61,1.0,
2023-02-14,Tuesday,7,2,Q1,2023,False,False,False,False,,,Sunny,12.3,64,1.5,
2023-02-15,Wednesday,7,2,Q1,2023,False,False,False,False,,,Sunny,29.6,60,0.4,
2023-02-16,Thursday,7,2,Q1,2023,False,False,False,False,,,Sunny,18.5,36,0.0,
2023-02-17,Friday,7,2,Q1,2023,False,False,False,False,,,Sunny,16.8,66,0.4,
2023-02-18,Saturday,7,2,Q1,2023,True,False,False,False,Mahashivratri,Mahashivratri,Sunny,22.0,63,0.0,
2023-02-19,Sunday,7,2,Q1,2023,True,False,False,False,,,Sunny,12.5,59,1.0,Weekly Market
2023-02-20,Monday,8,2,Q1,2023,False,False,False,False,,,Cloudy,27.9,58,3.4,
2023-02-21,Tuesday,8,2,Q1,2023,False,False,False,False,,,Sunny,29.1,62,1.4,
2023-02-22,Wednesday,8,2,Q1,2023,False,False,False,False,,,Cloudy,29.8,40,1.2,Cricket Match
2023-02-23,Thursday,8,2,Q1,2023,False,False,False,False,,,Storm,20.4,71,107.5,
2023-02-24,Friday,8,2,Q1,2023,False,False,False,False,,,Cloudy,13.9,43,0.3,
2023-02-25,Saturday,8,2,Q1,2023,True,False,False,True,,,Sunny,15.4,44,0.8,
2023-02-26,Sunday,8,2,Q1,2023,True,False,False,False,,,Sunny,14.5,41,0.5,Weekly Market
2023-02-27,Monday,9,2,Q1,2023,False,False,False,False,,,Sunny,15.6,68,0.1,
2023-02-28,Tuesday,9,2,Q1,2023,False,False,True,False,,,Sunny,19.1,68,2.0,
2023-03-01,Wednesday,9,3,Q1,2023,False,True,False,True,,,Sunny,38.0,30,1.4,
2023-03-02,Thursday,9,3,Q1,2023,False,False,False,False,,,Cloudy,32.6,73,6.2,
2023-03-03,Friday,9,3,Q1,2023,False,False,False,False,,,Sunny,28.5,43,1.6,Shopping Festival
2023-03-04,Saturday,9,3,Q1,2023,True,False,False,False,,,Sunny,29.2,28,1.9,
2023-03-05,Sunday,9,3,Q1,2023,True,False,False,False,,,Sunny,38.8,31,0.9,Weekly Market
2023-03-06,Monday,10,3,Q1,2023,False,False,False,False,,,Sunny,27.8,60,1.0,
2023-03-07,Tuesday,10,3,Q1,2023,False,False,False,True,,,Sunny,36.4,33,1.2,
2023-03-08,Wednesday,10,3,Q1,2023,False,False,False,False,Holi,Holi,Rainy,41.1,33,53.9,
2023-03-09,Thursday,10,3,Q1,2023,False,False,False,False,,,Storm,27.4,28,78.2,
2023-03-10,Friday,10,3,Q1,2023,False,False,False,False,,,Cloudy,33.5,31,7.9,
2023-03-11,Saturday,10,3,Q1,2023,True,False,False,False,,,Sunny,30.7,47,1.7,
2023-03-12,Sunday,10,3,Q1,2023,True,False,False,False,,,Sunny,25.4,43,0.1,Weekly Market
2023-03-13,Monday,11,3,Q1,2023,False,False,False,False,,,Cloudy,41.2,50,2.5,Weekly Market
2023-03-14,Tuesday,11,3,Q1,2023,False,False,False,False,,,Sunny,36.8,47,1.2,
2023-03-15,Wednesday,11,3,Q1,2023,False,False,False,False,,,Sunny,31.1,48,1.3,
2023-03-16,Thursday,11,3,Q1,2023,False,False,False,False,,,Sunny,37.6,73,0.8,
2023-03-17,Friday,11,3,Q1,2023,False,False,False,False,,,Cloudy,31.5,25,3.0,
2023-03-18,Saturday,11,3,Q1,2023,True,False,False,False,,,Sunny,31.8,38,0.1,
2023-03-19,Sunday,11,3,Q1,2023,True,False,False,False,,,Cloudy,25.3,37,5.0,Weekly Market
2023-03-20,Monday,12,3,Q1,2023,False,False,False,False,,,Sunny,41.5,45,1.8,
2023-03-21,Tuesday,12,3,Q1,2023,False,False,False,False,,,Sunny,28.6,30,0.7,
2023-03-22,Wednesday,12,3,Q1,2023,False,False,False,False,Ugadi,Ugadi,Sunny,40.4,40,0.7,
2023-03-23,Thursday,12,3,Q1,2023,False,False,False,False,,,Sunny,40.7,31,1.3,Weekly Market
2023-03-24,Friday,12,3,Q1,2023,False,False,False,False,,,Cloudy,28.7,32,0.8,
2023-03-25,Saturday,12,3,Q1,2023,True,False,False,True,,,Sunny,41.9,68,1.6,Weekly Market
2023-03-26,Sunday,12,3,Q1,2023,True,False,False,False,,,Cloudy,32.6,50,7.3,Weekly Market
2023-03-27,Monday,13,3,Q1,2023,False,False,False,False,,,Sunny,29.8,61,1.7,
2023-03-28,Tuesday,13,3,Q1,2023,False,False,False,False,,,Storm,27.1,29,126.3,Weekly Market
2023-03-29,Wednesday,13,3,Q1,2023,False,False,False,False,,,Rainy,31.5,54,34.2,
2023-03-30,Thursday,13,3,Q1,2023,False,False,False,True,,,Sunny,28.2,32,0.0,
2023-03-31,Friday,13,3,Q1,2023,False,False,True,False,,,Sunny,27.5,36,1.5,
2023-04-01,Saturday,13,4,Q2,2023,True,True,False,True,,,Sunny,26.0,62,0.7,
2023-04-02,Sunday,13,4,Q2,2023,True,False,False,False,,,Sunny,34.7,57,1.8,Weekly Market
2023-04-03,Monday,14,4,Q2,2023,False,False,False,False,,,Storm,38.2,74,43.6,
2023-04-04,Tuesday,14,4,Q2,2023,False,False,False,False,,,Sunny,27.1,44,1.4,Concert
2023-04-05,Wednesday,14,4,Q2,2023,False,False,False,False,,,Sunny,32.2,70,0.9,
2023-04-06,Thursday,14,4,Q2,2023,False,False,False,False,,,Sunny,40.3,30,0.6,
2023-04-07,Friday,14,4,Q2,2023,False,False,False,True,Good Friday,Good Friday,Rainy,35.3,52,42.7,
2023-04-08,Saturday,14,4,Q2,2023,True,False,False,False,,,Sunny,30.0,31,1.7,
2023-04-09,Sunday,14,4,Q2,2023,True,False,False,False,,,Rainy,27.7,26,19.9,Weekly Market
2023-04-10,Monday,15,4,Q2,2023,False,False,False,False,,,Sunny,26.6,35,0.3,
2023-04-11,Tuesday,15,4,Q2,2023,False,False,False,False,,,Sunny,37.4,41,0.2,Shopping Festival
2023-04-12,Wednesday,15,4,Q2,2023,False,False,False,False,,,Sunny,38.6,45,0.7,
2023-04-13,Thursday,15,4,Q2,2023,False,False,False,False,,,Sunny,25.9,37,1.9,
2023-04-14,Friday,15,4,Q2,2023,False,False,False,False,,,Cloudy,39.5,53,0.3,
2023-04-15,Saturday,15,4,Q2,2023,True,False,False,False,,,Cloudy,25.8,34,4.3,
2023-04-16,Sunday,15,4,Q2,2023,True,False,False,False,,,Sunny,33.2,56,0.5,Weekly Market
2023-04-17,Monday,16,4,Q2,2023,False,False,False,False,,,Sunny,38.1,27,1.5,
2023-04-18,Tuesday,16,4,Q2,2023,False,False,False,False,,,Sunny,34.1,66,0.6,
2023-04-19,Wednesday,16,4,Q2,2023,False,False,False,False,,,Sunny,40.3,63,1.3,Weekly Market
2023-04-20,Thursday,16,4,Q2,2023,False,False,False,False,,,Storm,32.0,32,91.2,Weekly Market
2023-04-21,Friday,16,4,Q2,2023,False,False,False,False,,,Cloudy,34.3,71,3.4,
2023-04-22,Saturday,16,4,Q2,2023,True,False,False,False,Ramzan,Ramzan,Cloudy,30.1,38,4.6,
2023-04-23,Sunday,16,4,Q2,2023,True,False,False,False,,,Sunny,29.7,29,1.5,Weekly Market
2023-04-24,Monday,17,4,Q2,2023,False,False,False,False,,,Storm,36.2,70,121.6,
2023-04-25,Tuesday,17,4,Q2,2023,False,False,False,True,,,Sunny,37.8,56,1.4,
2023-04-26,Wednesday,17,4,Q2,2023,False,False,False,False,,,Storm,40.8,66,63.1,
2023-04-27,Thursday,17,4,Q2,2023,False,False,False,False,,,Cloudy,39.8,35,3.8,
2023-04-28,Friday,17,4,Q2,2023,False,False,False,False,,,Sunny,35.9,55,1.3,
2023-04-29,Saturday,17,4,Q2,2023,True,False,False,False,,,Sunny,41.2,35,0.1,
2023-04-30,Sunday,17,4,Q2,2023,True,False,True,True,,,Sunny,35.7,50,0.4,Weekly Market
2023-05-01,Monday,18,5,Q2,2023,False,True,False,True,,,Sunny,30.8,44,0.8,
2023-05-02,Tuesday,18,5,Q2,2023,False,False,False,False,,,Cloudy,38.0,62,3.4,
2023-05-03,Wednesday,18,5,Q2,2023,False,False,False,False,,,Sunny,39.9,74,0.8,
2023-05-04,Thursday,18,5,Q2,2023,False,False,False,False,,,Sunny,42.0,74,0.4,
2023-05-05,Friday,18,5,Q2,2023,False,False,False,False,,,Sunny,30.0,34,0.3,
2023-05-06,Saturday,18,5,Q2,2023,True,False,False,False,,,Cloudy,33.3,34,5.4,Weekly Market
2023-05-07,Sunday,18,5,Q2,2023,True,False,False,True,,,Sunny,29.3,74,1.5,Weekly Market
2023-05-08,Monday,19,5,Q2,2023,False,False,False,False,,,Rainy,38.2,68,12.9,
2023-05-09,Tuesday,19,5,Q2,2023,False,False,False,False,,,Rainy,34.5,41,44.8,
2023-05-10,Wednesday,19,5,Q2,2023,False,False,False,False,,,Sunny,30.7,45,0.3,
2023-05-11,Thursday,19,5,Q2,2023,False,False,False,False,,,Rainy,39.4,42,43.5,
2023-05-12,Friday,19,5,Q2,2023,False,False,False,False,,,Cloudy,33.4,39,5.0,
2023-05-13,Saturday,19,5,Q2,2023,True,False,False,False,,,Sunny,33.0,52,1.7,
2023-05-14,Sunday,19,5,Q2,2023,True,False,False,False,,,Storm,38.7,41,129.9,Weekly Market
2023-05-15,Monday,20,5,Q2,2023,False,False,False,False,,,Sunny,29.6,25,1.9,
2023-05-16,Tuesday,20,5,Q2,2023,False,False,False,False,,,Sunny,25.9,44,1.6,
2023-05-17,Wednesday,20,5,Q2,2023,False,False,False,False,,,Cloudy,38.0,60,3.4,Concert
2023-05-18,Thursday,20,5,Q2,2023,False,False,False,False,,,Sunny,34.0,46,0.1,Election
2023-05-19,Friday,20,5,Q2,2023,False,False,False,False,,,Sunny,31.4,66,0.5,
2023-05-20,Saturday,20,5,Q2,2023,True,False,False,False,,,Storm,26.8,66,40.2,
2023-05-21,Sunday,20,5,Q2,2023,True,False,False,False,,,Sunny,35.1,32,0.1,Weekly Market
2023-05-22,Monday,21,5,Q2,2023,False,False,False,False,,,Sunny,31.3,32,1.8,
2023-05-23,Tuesday,21,5,Q2,2023,False,False,False,False,,,Sunny,40.3,43,0.3,
2023-05-24,Wednesday,21,5,Q2,2023,False,False,False,False,,,Sunny,35.6,72,0.2,Cricket Match
2023-05-25,Thursday,21,5,Q2,2023,False,False,False,True,,,Cloudy,29.7,56,6.3,
2023-05-26,Friday,21,5,Q2,2023,False,False,False,False,,,Sunny,25.3,47,1.1,Cricket Match
2023-05-27,Saturday,21,5,Q2,2023,True,False,False,False,,,Cloudy,35.8,56,5.3,
2023-05-28,Sunday,21,5,Q2,2023,True,False,False,False,,,Storm,40.2,39,139.4,Weekly Market
2023-05-29,Monday,22,5,Q2,2023,False,False,False,False,,,Sunny,28.1,63,0.4,Concert
2023-05-30,Tuesday,22,5,Q2,2023,False,False,False,True,,,Sunny,28.7,52,1.2,
2023-05-31,Wednesday,22,5,Q2,2023,False,False,True,False,,,Sunny,32.0,75,0.1,
2023-06-01,Thursday,22,6,Q2,2023,False,True,False,True,,,Cloudy,28.3,68,4.3,
2023-06-02,Friday,22,6,Q2,2023,False,False,False,False,,,Storm,31.9,71,95.9,
2023-06-03,Saturday,22,6,Q2,2023,True,False,False,False,,,Rainy,29.6,83,55.0,
2023-06-04,Sunday,22,6,Q2,2023,True,False,False,False,,,Rainy,26.2,94,37.0,Weekly Market
2023-06-05,Monday,23,6,Q2,2023,False,False,False,False,,,Rainy,29.7,73,20.8,
2023-06-06,Tuesday,23,6,Q2,2023,False,False,False,False,,,Storm,30.8,93,106.0,
2023-06-07,Wednesday,23,6,Q2,2023,False,False,False,True,,,Cloudy,27.2,66,2.7,
2023-06-08,Thursday,23,6,Q2,2023,False,False,False,False,,,Cloudy,24.6,66,6.6,
2023-06-09,Friday,23,6,Q2,2023,False,False,False,False,,,Sunny,28.7,97,1.1,Weekly Market
2023-06-10,Saturday,23,6,Q2,2023,True,False,False,False,,,Rainy,28.0,76,30.4,
2023-06-11,Sunday,23,6,Q2,2023,True,False,False,False,,,Rainy,25.8,93,30.3,Weekly Market
2023-06-12,Monday,24,6,Q2,2023,False,False,False,False,,,Storm,29.7,66,58.6,
2023-06-13,Tuesday,24,6,Q2,2023,False,False,False,False,,,Rainy,29.3,80,17.3,
2023-06-14,Wednesday,24,6,Q2,2023,False,False,False,False,,,Storm,27.7,82,134.3,
2023-06-15,Thursday,24,6,Q2,2023,False,False,False,False,,,Rainy,33.4,81,36.2,
2023-06-16,Friday,24,6,Q2,2023,False,False,False,False,,,Cloudy,33.9,91,2.0,
2023-06-17,Saturday,24,6,Q2,2023,True,False,False,False,,,Storm,30.0,82,139.2,
2023-06-18,Sunday,24,6,Q2,2023,True,False,False,False,,,Rainy,31.2,89,37.8,Weekly Market
2023-06-19,Monday,25,6,Q2,2023,False,False,False,False,,,Storm,26.7,88,58.0,
2023-06-20,Tuesday,25,6,Q2,2023,False,False,False,False,,,Cloudy,25.7,71,5.1,
2023-06-21,Wednesday,25,6,Q2,2023,False,False,False,False,,,Rainy,24.2,85,12.1,
2023-06-22,Thursday,25,6,Q2,2023,False,False,False,False,,,Sunny,25.5,78,1.2,Concert
2023-06-23,Friday,25,6,Q2,2023,False,False,False,False,,,Cloudy,25.0,74,5.0,
2023-06-24,Saturday,25,6,Q2,2023,True,False,False,False,,,Storm,26.9,97,135.6,
2023-06-25,Sunday,25,6,Q2,2023,True,False,False,True,,,Rainy,30.0,92,12.4,Weekly Market
2023-06-26,Monday,26,6,Q2,2023,False,False,False,False,,,Rainy,31.4,94,11.0,
2023-06-27,Tuesday,26,6,Q2,2023,False,False,False,False,,,Sunny,33.5,66,1.5,
2023-06-28,Wednesday,26,6,Q2,2023,False,False,False,False,,,Rainy,31.7,75,10.9,
2023-06-29,Thursday,26,6,Q2,2023,False,False,False,False,Bakrid,Bakrid,Cloudy,33.9,67,7.9,
2023-06-30,Friday,26,6,Q2,2023,False,False,True,True,,,Sunny,29.4,90,1.5,
2023-07-01,Saturday,26,7,Q3,2023,True,True,False,True,,,Storm,27.4,76,124.3,
2023-07-02,Sunday,26,7,Q3,2023,True,False,False,False,,,Rainy,26.7,90,16.1,Weekly Market
2023-07-03,Monday,27,7,Q3,2023,False,False,False,False,,,Storm,28.8,65,106.4,
2023-07-04,Tuesday,27,7,Q3,2023,False,False,False,False,,,Rainy,32.4,75,53.9,Election
2023-07-05,Wednesday,27,7,Q3,2023,False,False,False,False,,,Rainy,30.3,71,13.2,
2023-07-06,Thursday,27,7,Q3,2023,False,False,False,False,,,Rainy,26.4,81,49.2,
2023-07-07,Friday,27,7,Q3,2023,False,False,False,True,,,Cloudy,25.2,70,6.7,
2023-07-08,Saturday,27,7,Q3,2023,True,False,False,False,,,Rainy,30.2,66,21.6,
2023-07-09,Sunday,27,7,Q3,2023,True,False,False,False,,,Sunny,27.4,70,1.4,Weekly Market
2023-07-10,Monday,28,7,Q3,2023,False,False,False,False,,,Storm,32.4,83,115.5,Concert
2023-07-11,Tuesday,28,7,Q3,2023,False,False,False,False,,,Cloudy,30.6,93,4.5,
2023-07-12,Wednesday,28,7,Q3,2023,False,False,False,False,,,Cloudy,30.3,88,4.7,
2023-07-13,Thursday,28,7,Q3,2023,False,False,False,False,,,Rainy,26.4,94,51.0,
2023-07-14,Friday,28,7,Q3,2023,False,False,False,False,,,Rainy,24.8,95,9.6,
2023-07-15,Saturday,28,7,Q3,2023,True,False,False,False,,,Rainy,30.9,90,31.9,
2023-07-16,Sunday,28,7,Q3,2023,True,False,False,False,,,Rainy,30.0,72,33.5,Weekly Market
2023-07-17,Monday,29,7,Q3,2023,False,False,False,False,,,Rainy,25.2,70,49.8,
2023-07-18,Tuesday,29,7,Q3,2023,False,False,False,False,,,Cloudy,26.6,73,3.2,
2023-07-19,Wednesday,29,7,Q3,2023,False,False,False,False,,,Rainy,27.8,92,52.4,
2023-07-20,Thursday,29,7,Q3,2023,False,False,False,False,,,Rainy,25.2,76,41.9,
2023-07-21,Friday,29,7,Q3,2023,False,False,False,False,,,Cloudy,26.6,84,6.4,
2023-07-22,Saturday,29,7,Q3,2023,True,False,False,False,,,Storm,30.6,77,115.8,
2023-07-23,Sunday,29,7,Q3,2023,True,False,False,False,,,Sunny,30.7,76,0.8,Weekly Market
2023-07-24,Monday,30,7,Q3,2023,False,False,False,False,,,Cloudy,25.9,84,0.7,
2023-07-25,Tuesday,30,7,Q3,2023,False,False,False,True,,,Rainy,31.3,92,43.5,
2023-07-26,Wednesday,30,7,Q3,2023,False,False,False,False,,,Rainy,28.1,73,22.1,
2023-07-27,Thursday,30,7,Q3,2023,False,False,False,False,,,Cloudy,30.7,68,6.3,
2023-07-28,Friday,30,7,Q3,2023,False,False,False,False,,,Sunny,32.2,95,1.5,
2023-07-29,Saturday,30,7,Q3,2023,True,False,False,False,,,Cloudy,28.8,88,5.0,
2023-07-30,Sunday,30,7,Q3,2023,True,False,False,True,,,Sunny,26.6,72,1.4,Weekly Market
2023-07-31,Monday,31,7,Q3,2023,False,False,True,False,,,Rainy,32.4,85,12.6,
2023-08-01,Tuesday,31,8,Q3,2023,False,True,False,True,,,Storm,24.7,65,35.5,
2023-08-02,Wednesday,31,8,Q3,2023,False,False,False,False,,,Rainy,25.7,96,31.1,
2023-08-03,Thursday,31,8,Q3,2023,False,False,False,False,,,Rainy,32.5,75,32.0,
2023-08-04,Friday,31,8,Q3,2023,False,False,False,False,,,Rainy,25.2,77,51.9,
2023-08-05,Saturday,31,8,Q3,2023,True,False,False,False,,,Rainy,27.6,95,44.1,Concert
2023-08-06,Sunday,31,8,Q3,2023,True,False,False,False,,,Rainy,32.4,79,51.2,Weekly Market
2023-08-07,Monday,32,8,Q3,2023,False,False,False,True,,,Rainy,25.8,94,18.3,Election
2023-08-08,Tuesday,32,8,Q3,2023,False,False,False,False,,,Rainy,30.6,68,47.1,
2023-08-09,Wednesday,32,8,Q3,2023,False,False,False,False,,,Cloudy,28.7,96,7.2,
2023-08-10,Thursday,32,8,Q3,2023,False,False,False,False,,,Storm,26.2,95,116.2,
2023-08-11,Friday,32,8,Q3,2023,False,False,False,False,,,Rainy,33.3,76,27.6,
2023-08-12,Saturday,32,8,Q3,2023,True,False,False,False,,,Rainy,24.7,76,40.8,
2023-08-13,Sunday,32,8,Q3,2023,True,False,False,False,,,Rainy,27.3,84,49.1,Weekly Market
2023-08-14,Monday,33,8,Q3,2023,False,False,False,False,,,Rainy,28.6,89,36.1,
2023-08-15,Tuesday,33,8,Q3,2023,False,False,False,False,Independence Day,Independence Day,Cloudy,26.8,92,6.1,
2023-08-16,Wednesday,33,8,Q3,2023,False,False,False,False,,,Rainy,29.1,72,38.2,Concert
2023-08-17,Thursday,33,8,Q3,2023,False,False,False,False,,,Cloudy,26.6,92,7.1,
2023-08-18,Friday,33,8,Q3,2023,False,False,False,False,,,Storm,25.9,79,117.0,
2023-08-19,Saturday,33,8,Q3,2023,True,False,False,False,,,Storm,26.2,83,96.2,
2023-08-20,Sunday,33,8,Q3,2023,True,False,False,False,,,Rainy,30.1,72,44.1,Weekly Market
2023-08-21,Monday,34,8,Q3,2023,False,False,False,False,,,Sunny,29.6,94,0.4,
2023-08-22,Tuesday,34,8,Q3,2023,False,False,False,False,,,Rainy,31.2,83,20.0,
2023-08-23,Wednesday,34,8,Q3,2023,False,False,False,False,,,Cloudy,29.9,90,2.6,
2023-08-24,Thursday,34,8,Q3,2023,False,False,False,False,,,Cloudy,26.0,69,5.7,
2023-08-25,Friday,34,8,Q3,2023,False,False,False,True,,,Rainy,29.3,70,11.5,
2023-08-26,Saturday,34,8,Q3,2023,True,False,False,False,,,Rainy,26.8,83,24.4,Election
2023-08-27,Sunday,34,8,Q3,2023,True,False,False,False,,,Rainy,29.0,89,40.3,Weekly Market
2023-08-28,Monday,35,8,Q3,2023,False,False,False,False,,,Rainy,32.4,92,41.3,
2023-08-29,Tuesday,35,8,Q3,2023,False,False,False,False,,,Storm,33.6,77,62.2,
2023-08-30,Wednesday,35,8,Q3,2023,False,False,False,True,,,Rainy,30.3,77,47.5,
2023-08-31,Thursday,35,8,Q3,2023,False,False,True,False,,,Sunny,32.9,76,1.1,
2023-09-01,Friday,35,9,Q3,2023,False,True,False,True,,,Sunny,25.5,84,0.7,
2023-09-02,Saturday,35,9,Q3,2023,True,False,False,False,,,Storm,26.2,73,63.9,
2023-09-03,Sunday,35,9,Q3,2023,True,False,False,False,,,Rainy,26.8,72,14.6,Weekly Market
2023-09-04,Monday,36,9,Q3,2023,False,False,False,False,,,Cloudy,27.7,75,6.5,
2023-09-05,Tuesday,36,9,Q3,2023,False,False,False,False,,,Sunny,24.5,71,1.3,
2023-09-06,Wednesday,36,9,Q3,2023,False,False,False,False,,,Cloudy,28.9,66,1.0,Election
2023-09-07,Thursday,36,9,Q3,2023,False,False,False,True,,,Cloudy,33.3,88,3.0,
2023-09-08,Friday,36,9,Q3,2023,False,False,False,False,,,Storm,24.1,90,47.5,
2023-09-09,Saturday,36,9,Q3,2023,True,False,False,False,,,Cloudy,28.6,69,2.8,
2023-09-10,Sunday,36,9,Q3,2023,True,False,False,False,,,Storm,28.9,65,126.6,Weekly Market
2023-09-11,Monday,37,9,Q3,2023,False,False,False,False,,,Cloudy,24.7,91,6.2,
2023-09-12,Tuesday,37,9,Q3,2023,False,False,False,False,,,Rainy,31.9,75,17.8,
2023-09-13,Wednesday,37,9,Q3,2023,False,False,False,False,,,Rainy,28.0,96,14.7,
2023-09-14,Thursday,37,9,Q3,2023,False,False,False,False,,,Rainy,26.9,97,19.4,
2023-09-15,Friday,37,9,Q3,2023,False,False,False,False,,,Storm,29.8,79,63.7,
2023-09-16,Saturday,37,9,Q3,2023,True,False,False,False,,,Sunny,25.9,74,1.3,
2023-09-17,Sunday,37,9,Q3,2023,True,False,False,False,,,Cloudy,30.3,76,1.6,Weekly Market
2023-09-18,Monday,38,9,Q3,2023,False,False,False,False,,,Rainy,33.1,95,24.7,
2023-09-19,Tuesday,38,9,Q3,2023,False,False,False,False,Ganesh Chaturthi,Ganesh Chaturthi,Rainy,31.9,78,9.8,
2023-09-20,Wednesday,38,9,Q3,2023,False,False,False,False,,,Rainy,26.9,71,22.1,
2023-09-21,Thursday,38,9,Q3,2023,False,False,False,False,,,Rainy,28.0,98,48.9,
2023-09-22,Friday,38,9,Q3,2023,False,False,False,False,,,Storm,28.0,80,80.1,
2023-09-23,Saturday,38,9,Q3,2023,True,False,False,False,,,Cloudy,30.5,96,7.8,Political Rally
2023-09-24,Sunday,38,9,Q3,2023,True,False,False,False,,,Sunny,24.3,90,1.5,Weekly Market
2023-09-25,Monday,39,9,Q3,2023,False,False,False,True,,,Rainy,33.7,98,26.4,
2023-09-26,Tuesday,39,9,Q3,2023,False,False,False,False,,,Rainy,31.3,98,26.7,
2023-09-27,Wednesday,39,9,Q3,2023,False,False,False,False,,,Rainy,27.4,74,45.1,
2023-09-28,Thursday,39,9,Q3,2023,False,False,False,False,,,Cloudy,32.6,90,4.1,Weekly Market
2023-09-29,Friday,39,9,Q3,2023,False,False,False,False,,,Cloudy,29.1,68,0.2,
2023-09-30,Saturday,39,9,Q3,2023,True,False,True,True,,,Storm,26.6,96,60.6,
2023-10-01,Sunday,39,10,Q4,2023,True,True,False,True,,,Sunny,29.3,51,1.5,Weekly Market
2023-10-02,Monday,40,10,Q4,2023,False,False,False,False,Gandhi Jayanti,Gandhi Jayanti,Sunny,22.2,53,1.2,
2023-10-03,Tuesday,40,10,Q4,2023,False,False,False,False,,,Cloudy,15.2,68,0.7,
2023-10-04,Wednesday,40,10,Q4,2023,False,False,False,False,,,Sunny,12.4,38,0.0,
2023-10-05,Thursday,40,10,Q4,2023,False,False,False,False,,,Cloudy,15.3,77,0.3,
2023-10-06,Friday,40,10,Q4,2023,False,False,False,False,,,Sunny,13.2,56,1.6,
2023-10-07,Saturday,40,10,Q4,2023,True,False,False,True,,,Cloudy,21.5,42,5.2,
2023-10-08,Sunday,40,10,Q4,2023,True,False,False,False,,,Sunny,20.5,37,1.3,Weekly Market
2023-10-09,Monday,41,10,Q4,2023,False,False,False,False,,,Sunny,20.3,75,1.3,
2023-10-10,Tuesday,41,10,Q4,2023,False,False,False,False,,,Cloudy,19.6,42,4.8,Political Rally
2023-10-11,Wednesday,41,10,Q4,2023,False,False,False,False,,,Sunny,26.6,66,0.6,
2023-10-12,Thursday,41,10,Q4,2023,False,False,False,False,,,Cloudy,26.2,34,6.5,
2023-10-13,Friday,41,10,Q4,2023,False,False,False,False,,,Sunny,24.8,67,0.5,
2023-10-14,Saturday,41,10,Q4,2023,True,False,False,False,,,Sunny,23.5,59,1.4,
2023-10-15,Sunday,41,10,Q4,2023,True,False,False,False,,,Cloudy,17.5,57,7.0,Weekly Market
2023-10-16,Monday,42,10,Q4,2023,False,False,False,False,,,Sunny,19.0,50,0.3,
2023-10-17,Tuesday,42,10,Q4,2023,False,False,False,False,,,Sunny,21.5,75,1.1,
2023-10-18,Wednesday,42,10,Q4,2023,False,False,False,False,,,Sunny,16.8,62,1.5,
2023-10-19,Thursday,42,10,Q4,2023,False,False,False,False,,,Sunny,26.7,77,1.7,
2023-10-20,Friday,42,10,Q4,2023,False,False,False,False,,,Sunny,27.1,68,1.6,
2023-10-21,Saturday,42,10,Q4,2023,True,False,False,False,,,Rainy,19.5,54,22.3,
2023-10-22,Sunday,42,10,Q4,2023,True,False,False,False,,,Sunny,20.0,51,1.0,Weekly Market
2023-10-23,Monday,43,10,Q4,2023,False,False,False,False,,,Cloudy,16.2,62,1.8,
2023-10-24,Tuesday,43,10,Q4,2023,False,False,False,False,Dasara,Dasara,Sunny,16.4,31,0.9,
2023-10-25,Wednesday,43,10,Q4,2023,False,False,False,True,,,Sunny,12.2,60,0.2,
2023-10-26,Thursday,43,10,Q4,2023,False,False,False,False,,,Cloudy,27.8,71,5.6,
2023-10-27,Friday,43,10,Q4,2023,False,False,False,False,,,Rainy,21.8,49,21.4,
2023-10-28,Saturday,43,10,Q4,2023,True,False,False,False,,,Sunny,20.4,74,0.4,
2023-10-29,Sunday,43,10,Q4,2023,True,False,False,False,,,Sunny,13.5,33,1.1,Weekly Market
2023-10-30,Monday,44,10,Q4,2023,False,False,False,True,,,Sunny,22.9,47,1.5,
2023-10-31,Tuesday,44,10,Q4,2023,False,False,True,False,,,Sunny,27.5,44,1.6,
2023-11-01,Wednesday,44,11,Q4,2023,False,True,False,True,,,Sunny,13.1,75,1.9,
2023-11-02,Thursday,44,11,Q4,2023,False,False,False,False,,,Sunny,26.7,43,0.1,
2023-11-03,Friday,44,11,Q4,2023,False,False,False,False,,,Sunny,18.8,75,1.5,
2023-11-04,Saturday,44,11,Q4,2023,True,False,False,False,,,Rainy,23.6,62,21.0,
2023-11-05,Sunday,44,11,Q4,2023,True,False,False,False,,,Sunny,18.0,32,0.0,Weekly Market
2023-11-06,Monday,45,11,Q4,2023,False,False,False,False,,,Sunny,14.5,61,0.4,
2023-11-07,Tuesday,45,11,Q4,2023,False,False,False,True,,,Rainy,13.8,72,19.0,
2023-11-08,Wednesday,45,11,Q4,2023,False,False,False,False,,,Sunny,19.1,39,1.6,
2023-11-09,Thursday,45,11,Q4,2023,False,False,False,False,,,Storm,22.7,78,57.8,
2023-11-10,Friday,45,11,Q4,2023,False,False,False,False,,,Sunny,16.8,51,0.5,
2023-11-11,Saturday,45,11,Q4,2023,True,False,False,False,,,Sunny,17.7,75,1.8,
2023-11-12,Sunday,45,11,Q4,2023,True,False,False,False,Diwali,Diwali,Cloudy,20.7,52,3.2,Weekly Market
2023-11-13,Monday,46,11,Q4,2023,False,False,False,False,,,Cloudy,17.9,50,7.1,
2023-11-14,Tuesday,46,11,Q4,2023,False,False,False,False,,,Sunny,30.7,64,0.9,
2023-11-15,Wednesday,46,11,Q4,2023,False,False,False,False,,,Sunny,25.1,55,1.3,
2023-11-16,Thursday,46,11,Q4,2023,False,False,False,False,,,Sunny,22.9,61,1.2,
2023-11-17,Friday,46,11,Q4,2023,False,False,False,False,,,Cloudy,20.6,50,1.6,
2023-11-18,Saturday,46,11,Q4,2023,True,False,False,False,,,Sunny,20.7,41,0.5,
2023-11-19,Sunday,46,11,Q4,2023,True,False,False,False,,,Sunny,18.3,31,0.4,Weekly Market
2023-11-20,Monday,47,11,Q4,2023,False,False,False,False,,,Rainy,18.1,42,41.5,
2023-11-21,Tuesday,47,11,Q4,2023,False,False,False,False,,,Sunny,24.3,49,0.1,
2023-11-22,Wednesday,47,11,Q4,2023,False,False,False,False,,,Sunny,23.3,34,0.1,
2023-11-23,Thursday,47,11,Q4,2023,False,False,False,False,,,Sunny,30.5,45,0.9,
2023-11-24,Friday,47,11,Q4,2023,False,False,False,False,,,Sunny,27.7,43,0.3,Concert
2023-11-25,Saturday,47,11,Q4,2023,True,False,False,True,,,Cloudy,27.8,77,1.8,Election
2023-11-26,Sunday,47,11,Q4,2023,True,False,False,False,,,Cloudy,24.5,75,7.8,Weekly Market
2023-11-27,Monday,48,11,Q4,2023,False,False,False,False,,,Rainy,26.7,46,8.1,
2023-11-28,Tuesday,48,11,Q4,2023,False,False,False,False,,,Sunny,29.6,68,0.5,Political Rally
2023-11-29,Wednesday,48,11,Q4,2023,False,False,False,False,,,Cloudy,22.7,70,7.8,Election
2023-11-30,Thursday,48,11,Q4,2023,False,False,True,True,,,Sunny,28.9,66,0.3,
2023-12-01,Friday,48,12,Q4,2023,False,True,False,True,,,Cloudy,16.5,36,4.7,
2023-12-02,Saturday,48,12,Q4,2023,True,False,False,False,,,Sunny,16.5,55,0.2,
2023-12-03,Sunday,48,12,Q4,2023,True,False,False,False,,,Sunny,26.5,67,1.8,Weekly Market
2023-12-04,Monday,49,12,Q4,2023,False,False,False,False,,,Cloudy,19.7,73,2.3,Shopping Festival
2023-12-05,Tuesday,49,12,Q4,2023,False,False,False,False,,,Cloudy,27.9,69,1.5,
2023-12-06,Wednesday,49,12,Q4,2023,False,False,False,False,,,Storm,22.3,34,81.3,
2023-12-07,Thursday,49,12,Q4,2023,False,False,False,True,,,Sunny,28.8,58,0.7,
2023-12-08,Friday,49,12,Q4,2023,False,False,False,False,,,Sunny,17.0,68,1.1,
2023-12-09,Saturday,49,12,Q4,2023,True,False,False,False,,,Sunny,12.3,54,0.2,
2023-12-10,Sunday,49,12,Q4,2023,True,False,False,False,,,Sunny,29.3,42,1.4,Weekly Market
2023-12-11,Monday,50,12,Q4,2023,False,False,False,False,,,Sunny,15.5,62,0.7,Election
2023-12-12,Tuesday,50,12,Q4,2023,False,False,False,False,,,Sunny,25.6,71,1.7,Election
2023-12-13,Wednesday,50,12,Q4,2023,False,False,False,False,,,Cloudy,29.7,53,0.2,
2023-12-14,Thursday,50,12,Q4,2023,False,False,False,False,,,Sunny,21.6,45,1.0,
2023-12-15,Friday,50,12,Q4,2023,False,False,False,False,,,Sunny,27.6,69,0.8,
2023-12-16,Saturday,50,12,Q4,2023,True,False,False,False,,,Cloudy,12.5,37,0.4,
2023-12-17,Sunday,50,12,Q4,2023,True,False,False,False,,,Sunny,31.0,47,1.7,Weekly Market
2023-12-18,Monday,51,12,Q4,2023,False,False,False,False,,,Cloudy,24.9,66,0.0,
2023-12-19,Tuesday,51,12,Q4,2023,False,False,False,False,,,Cloudy,19.7,60,4.0,Concert
2023-12-20,Wednesday,51,12,Q4,2023,False,False,False,False,,,Sunny,22.0,61,0.5,
2023-12-21,Thursday,51,12,Q4,2023,False,False,False,False,,,Sunny,20.1,57,1.4,
2023-12-22,Friday,51,12,Q4,2023,False,False,False,False,,,Cloudy,21.3,59,4.3,
2023-12-23,Saturday,51,12,Q4,2023,True,False,False,False,,,Sunny,17.9,61,1.7,
2023-12-24,Sunday,51,12,Q4,2023,True,False,False,False,,,Sunny,27.8,77,2.0,Weekly Market
2023-12-25,Monday,52,12,Q4,2023,False,False,False,True,Christmas,Christmas,Cloudy,24.1,64,0.4,
2023-12-26,Tuesday,52,12,Q4,2023,False,False,False,False,,,Sunny,22.7,38,1.7,
2023-12-27,Wednesday,52,12,Q4,2023,False,False,False,False,,,Cloudy,27.7,59,5.1,
2023-12-28,Thursday,52,12,Q4,2023,False,False,False,False,,,Cloudy,30.6,43,4.0,
2023-12-29,Friday,52,12,Q4,2023,False,False,False,False,,,Sunny,17.9,74,0.9,
2023-12-30,Saturday,52,12,Q4,2023,True,False,False,True,,,Sunny,14.2,77,1.4,
2023-12-31,Sunday,52,12,Q4,2023,True,False,True,False,,,Sunny,25.0,62,0.6,Weekly Market
2024-01-01,Monday,1,1,Q1,2024,False,True,False,True,New Year,New Year,Sunny,30.0,39,1.4,
2024-01-02,Tuesday,1,1,Q1,2024,False,False,False,False,,,Cloudy,18.8,38,6.6,
2024-01-03,Wednesday,1,1,Q1,2024,False,False,False,False,,,Rainy,17.3,42,49.8,
2024-01-04,Thursday,1,1,Q1,2024,False,False,False,False,,,Cloudy,22.2,52,1.4,
2024-01-05,Friday,1,1,Q1,2024,False,False,False,False,,,Cloudy,25.7,35,3.5,
2024-01-06,Saturday,1,1,Q1,2024,True,False,False,False,,,Sunny,27.6,57,0.4,
2024-01-07,Sunday,1,1,Q1,2024,True,False,False,True,,,Cloudy,15.2,73,7.9,Weekly Market
2024-01-08,Monday,2,1,Q1,2024,False,False,False,False,,,Sunny,29.3,44,1.1,
2024-01-09,Tuesday,2,1,Q1,2024,False,False,False,False,,,Sunny,15.5,75,1.6,
2024-01-10,Wednesday,2,1,Q1,2024,False,False,False,False,,,Cloudy,19.7,51,3.3,
2024-01-11,Thursday,2,1,Q1,2024,False,False,False,False,,,Cloudy,17.9,35,3.6,
2024-01-12,Friday,2,1,Q1,2024,False,False,False,False,,,Sunny,23.8,47,1.9,
2024-01-13,Saturday,2,1,Q1,2024,True,False,False,False,,,Sunny,17.1,71,1.9,
2024-01-14,Sunday,2,1,Q1,2024,True,False,False,False,,,Rainy,17.4,54,53.4,Weekly Market
2024-01-15,Monday,3,1,Q1,2024,False,False,False,False,Sankranti,Sankranti,Cloudy,15.7,38,2.4,
2024-01-16,Tuesday,3,1,Q1,2024,False,False,False,False,,,Sunny,14.3,58,1.7,
2024-01-17,Wednesday,3,1,Q1,2024,False,False,False,False,,,Cloudy,21.2,53,2.9,
2024-01-18,Thursday,3,1,Q1,2024,False,False,False,False,,,Sunny,27.9,39,0.1,
2024-01-19,Friday,3,1,Q1,2024,False,False,False,False,,,Sunny,23.7,66,0.5,
2024-01-20,Saturday,3,1,Q1,2024,True,False,False,False,,,Sunny,26.7,70,1.9,
2024-01-21,Sunday,3,1,Q1,2024,True,False,False,False,,,Storm,24.4,40,134.6,Weekly Market
2024-01-22,Monday,4,1,Q1,2024,False,False,False,False,,,Sunny,27.6,54,1.9,
2024-01-23,Tuesday,4,1,Q1,2024,False,False,False,False,,,Rainy,20.3,62,19.3,
2024-01-24,Wednesday,4,1,Q1,2024,False,False,False,False,,,Sunny,29.0,52,1.2,
2024-01-25,Thursday,4,1,Q1,2024,False,False,False,True,,,Sunny,12.6,57,1.4,
2024-01-26,Friday,4,1,Q1,2024,False,False,False,False,Republic Day,Republic Day,Sunny,20.7,40,1.4,
2024-01-27,Saturday,4,1,Q1,2024,True,False,False,False,,,Cloudy,26.2,70,6.1,
2024-01-28,Sunday,4,1,Q1,2024,True,False,False,False,,,Sunny,17.0,54,1.0,Weekly Market
2024-01-29,Monday,5,1,Q1,2024,False,False,False,False,,,Sunny,24.2,76,1.8,
2024-01-30,Tuesday,5,1,Q1,2024,False,False,False,True,,,Sunny,22.4,58,1.3,
2024-01-31,Wednesday,5,1,Q1,2024,False,False,True,False,,,Cloudy,28.3,44,6.8,
2024-02-01,Thursday,5,2,Q1,2024,False,True,False,True,,,Sunny,14.9,35,0.7,
2024-02-02,Friday,5,2,Q1,2024,False,False,False,False,,,Sunny,21.7,41,1.7,
2024-02-03,Saturday,5,2,Q1,2024,True,False,False,False,,,Sunny,20.3,75,0.9,
2024-02-04,Sunday,5,2,Q1,2024,True,False,False,False,,,Rainy,19.6,35,26.5,Weekly Market
2024-02-05,Monday,6,2,Q1,2024,False,False,False,False,,,Sunny,27.0,36,1.0,
2024-02-06,Tuesday,6,2,Q1,2024,False,False,False,False,,,Sunny,12.1,77,0.8,
2024-02-07,Wednesday,6,2,Q1,2024,False,False,False,True,,,Cloudy,12.3,31,0.5,
2024-02-08,Thursday,6,2,Q1,2024,False,False,False,False,,,Sunny,16.2,71,1.1,
2024-02-09,Friday,6,2,Q1,2024,False,False,False,False,,,Cloudy,28.1,68,1.1,
2024-02-10,Saturday,6,2,Q1,2024,True,False,False,False,,,Sunny,27.2,30,1.7,
2024-02-11,Sunday,6,2,Q1,2024,True,False,False,False,,,Sunny,22.0,32,0.7,Weekly Market
2024-02-12,Monday,7,2,Q1,2024,False,False,False,False,,,Sunny,16.7,54,1.0,
2024-02-13,Tuesday,7,2,Q1,2024,False,False,False,False,,,Sunny,26.9,37,1.4,
2024-02-14,Wednesday,7,2,Q1,2024,False,False,False,False,,,Cloudy,29.0,63,6.9,
2024-02-15,Thursday,7,2,Q1,2024,False,False,False,False,,,Cloudy,26.9,53,6.9,
2024-02-16,Friday,7,2,Q1,2024,False,False,False,False,,,Cloudy,13.6,51,1.0,
2024-02-17,Saturday,7,2,Q1,2024,True,False,False,False,,,Sunny,23.1,66,1.8,
2024-02-18,Sunday,7,2,Q1,2024,True,False,False,False,,,Sunny,25.0,52,1.2,Weekly Market
2024-02-19,Monday,8,2,Q1,2024,False,False,False,False,,,Sunny,12.3,57,1.3,
2024-02-20,Tuesday,8,2,Q1,2024,False,False,False,False,,,Sunny,22.8,34,1.0,
2024-02-21,Wednesday,8,2,Q1,2024,False,False,False,False,,,Sunny,20.1,63,1.2,
2024-02-22,Thursday,8,2,Q1,2024,False,False,False,False,,,Sunny,21.9,43,1.2,
2024-02-23,Friday,8,2,Q1,2024,False,False,False,False,,,Sunny,12.2,41,1.5,
2024-02-24,Saturday,8,2,Q1,2024,True,False,False,False,,,Sunny,15.7,62,0.3,
2024-02-25,Sunday,8,2,Q1,2024,True,False,False,True,,,Sunny,12.2,44,0.6,Weekly Market
2024-02-26,Monday,9,2,Q1,2024,False,False,False,False,,,Sunny,14.3,54,0.5,
2024-02-27,Tuesday,9,2,Q1,2024,False,False,False,False,,,Sunny,20.3,40,1.0,
2024-02-28,Wednesday,9,2,Q1,2024,False,False,False,False,,,Sunny,26.0,71,0.4,
2024-02-29,Thursday,9,2,Q1,2024,False,False,True,False,,,Sunny,18.8,67,1.4,
2024-03-01,Friday,9,3,Q1,2024,False,True,False,True,,,Storm,29.2,49,122.5,
2024-03-02,Saturday,9,3,Q1,2024,True,False,False,False,,,Rainy,42.0,47,10.6,
2024-03-03,Sunday,9,3,Q1,2024,True,False,False,False,,,Storm,40.3,73,46.1,Weekly Market
2024-03-04,Monday,10,3,Q1,2024,False,False,False,False,,,Storm,32.6,30,81.8,Temple Festival
2024-03-05,Tuesday,10,3,Q1,2024,False,False,False,False,,,Sunny,41.7,40,0.6,
2024-03-06,Wednesday,10,3,Q1,2024,False,False,False,False,,,Cloudy,26.0,72,5.4,
2024-03-07,Thursday,10,3,Q1,2024,False,False,False,True,,,Rainy,30.1,46,36.6,
2024-03-08,Friday,10,3,Q1,2024,False,False,False,False,Mahashivratri,Mahashivratri,Sunny,33.8,35,1.5,
2024-03-09,Saturday,10,3,Q1,2024,True,False,False,False,,,Sunny,38.4,52,1.2,
2024-03-10,Sunday,10,3,Q1,2024,True,False,False,False,,,Cloudy,35.3,66,4.0,Weekly Market
2024-03-11,Monday,11,3,Q1,2024,False,False,False,False,,,Sunny,29.3,36,0.1,
2024-03-12,Tuesday,11,3,Q1,2024,False,False,False,False,,,Sunny,31.2,26,1.6,
2024-03-13,Wednesday,11,3,Q1,2024,False,False,False,False,,,Sunny,28.3,64,1.9,
2024-03-14,Thursday,11,3,Q1,2024,False,False,False,False,,,Sunny,37.6,67,0.4,
2024-03-15,Friday,11,3,Q1,2024,False,False,False,False,,,Cloudy,38.3,45,7.4,
2024-03-16,Saturday,11,3,Q1,2024,True,False,False,False,,,Sunny,31.4,32,1.6,
2024-03-17,Sunday,11,3,Q1,2024,True,False,False,False,,,Sunny,29.5,54,2.0,Weekly Market
2024-03-18,Monday,12,3,Q1,2024,False,False,False,False,,,Sunny,34.6,32,0.3,Shopping Festival
2024-03-19,Tuesday,12,3,Q1,2024,False,False,False,False,,,Cloudy,27.8,33,0.9,Temple Festival
2024-03-20,Wednesday,12,3,Q1,2024,False,False,False,False,,,Cloudy,25.7,44,6.4,
2024-03-21,Thursday,12,3,Q1,2024,False,False,False,False,,,Sunny,31.3,27,1.5,
2024-03-22,Friday,12,3,Q1,2024,False,False,False,False,,,Sunny,38.6,41,0.5,
2024-03-23,Saturday,12,3,Q1,2024,True,False,False,False,,,Cloudy,37.8,46,7.6,
2024-03-24,Sunday,12,3,Q1,2024,True,False,False,False,,,Sunny,34.9,51,0.9,Weekly Market
2024-03-25,Monday,13,3,Q1,2024,False,False,False,True,Holi,Holi,Sunny,34.8,31,1.8,
2024-03-26,Tuesday,13,3,Q1,2024,False,False,False,False,,,Sunny,35.7,53,0.0,Shopping Festival
2024-03-27,Wednesday,13,3,Q1,2024,False,False,False,False,,,Cloudy,38.5,33,4.7,
2024-03-28,Thursday,13,3,Q1,2024,False,False,False,False,,,Sunny,30.9,28,1.6,
2024-03-29,Friday,13,3,Q1,2024,False,False,False,False,Good Friday,Good Friday,Rainy,34.8,70,54.8,
2024-03-30,Saturday,13,3,Q1,2024,True,False,False,True,,,Sunny,25.2,32,1.1,
2024-03-31,Sunday,13,3,Q1,2024,True,False,True,False,,,Cloudy,28.9,41,6.6,Weekly Market
2024-04-01,Monday,14,4,Q2,2024,False,True,False,True,,,Sunny,31.9,35,0.7,
2024-04-02,Tuesday,14,4,Q2,2024,False,False,False,False,,,Sunny,35.8,35,0.5,
2024-04-03,Wednesday,14,4,Q2,2024,False,False,False,False,,,Rainy,38.5,62,42.5,
2024-04-04,Thursday,14,4,Q2,2024,False,False,False,False,,,Cloudy,41.0,33,2.1,Concert
2024-04-05,Friday,14,4,Q2,2024,False,False,False,False,,,Sunny,40.9,25,0.7,
2024-04-06,Saturday,14,4,Q2,2024,True,False,False,False,,,Cloudy,38.5,71,0.5,
2024-04-07,Sunday,14,4,Q2,2024,True,False,False,True,,,Cloudy,37.2,75,2.6,Weekly Market
2024-04-08,Monday,15,4,Q2,2024,False,False,False,False,,,Sunny,37.3,43,0.3,
2024-04-09,Tuesday,15,4,Q2,2024,False,False,False,False,Ugadi,Ugadi,Sunny,39.9,29,0.5,
2024-04-10,Wednesday,15,4,Q2,2024,False,False,False,False,Ramzan,Ramzan,Sunny,36.3,66,0.8,
2024-04-11,Thursday,15,4,Q2,2024,False,False,False,False,,,Sunny,28.1,44,1.4,
2024-04-12,Friday,15,4,Q2,2024,False,False,False,False,,,Sunny,26.9,49,1.9,
2024-04-13,Saturday,15,4,Q2,2024,True,False,False,False,,,Cloudy,31.8,49,2.7,
2024-04-14,Sunday,15,4,Q2,2024,True,False,False,False,,,Sunny,28.9,39,1.4,Weekly Market
2024-04-15,Monday,16,4,Q2,2024,False,False,False,False,,,Sunny,31.7,59,0.2,
2024-04-16,Tuesday,16,4,Q2,2024,False,False,False,False,,,Storm,31.0,51,61.1,
2024-04-17,Wednesday,16,4,Q2,2024,False,False,False,False,,,Rainy,29.1,60,33.0,
2024-04-18,Thursday,16,4,Q2,2024,False,False,False,False,,,Storm,38.8,40,114.8,
2024-04-19,Friday,16,4,Q2,2024,False,False,False,False,,,Storm,37.4,49,116.5,
2024-04-20,Saturday,16,4,Q2,2024,True,False,False,False,,,Sunny,29.9,43,1.4,
2024-04-21,Sunday,16,4,Q2,2024,True,False,False,False,,,Cloudy,27.2,53,5.1,Weekly Market
2024-04-22,Monday,17,4,Q2,2024,False,False,False,False,,,Sunny,40.5,37,0.5,
2024-04-23,Tuesday,17,4,Q2,2024,False,False,False,False,,,Sunny,34.4,61,1.1,
2024-04-24,Wednesday,17,4,Q2,2024,False,False,False,False,,,Storm,39.5,44,117.6,
2024-04-25,Thursday,17,4,Q2,2024,False,False,False,True,,,Sunny,29.4,72,1.3,
2024-04-26,Friday,17,4,Q2,2024,False,False,False,False,,,Storm,27.8,46,75.5,
2024-04-27,Saturday,17,4,Q2,2024,True,False,False,False,,,Sunny,28.6,47,1.3,
2024-04-28,Sunday,17,4,Q2,2024,True,False,False,False,,,Sunny,34.2,63,0.1,Weekly Market
2024-04-29,Monday,18,4,Q2,2024,False,False,False,False,,,Sunny,35.3,36,1.8,
2024-04-30,Tuesday,18,4,Q2,2024,False,False,True,True,,,Sunny,28.8,67,1.5,
2024-05-01,Wednesday,18,5,Q2,2024,False,True,False,True,,,Cloudy,41.6,49,2.8,
2024-05-02,Thursday,18,5,Q2,2024,False,False,False,False,,,Sunny,30.6,35,1.7,
2024-05-03,Friday,18,5,Q2,2024,False,False,False,False,,,Sunny,33.8,25,1.3,
2024-05-04,Saturday,18,5,Q2,2024,True,False,False,False,,,Rainy,34.7,31,36.1,
2024-05-05,Sunday,18,5,Q2,2024,True,False,False,False,,,Cloudy,29.5,33,3.6,Weekly Market
2024-05-06,Monday,19,5,Q2,2024,False,False,False,False,,,Sunny,40.0,73,2.0,Political Rally
2024-05-07,Tuesday,19,5,Q2,2024,False,False,False,True,,,Sunny,27.2,59,1.5,
2024-05-08,Wednesday,19,5,Q2,2024,False,False,False,False,,,Sunny,25.6,25,1.8,Political Rally
2024-05-09,Thursday,19,5,Q2,2024,False,False,False,False,,,Rainy,40.5,33,26.5,
2024-05-10,Friday,19,5,Q2,2024,False,False,False,False,,,Sunny,41.3,41,0.5,
2024-05-11,Saturday,19,5,Q2,2024,True,False,False,False,,,Storm,29.4,29,74.0,
2024-05-12,Sunday,19,5,Q2,2024,True,False,False,False,,,Cloudy,27.4,55,5.3,Weekly Market
2024-05-13,Monday,20,5,Q2,2024,False,False,False,False,,,Sunny,38.5,67,0.4,Temple Festival
2024-05-14,Tuesday,20,5,Q2,2024,False,False,False,False,,,Sunny,40.3,75,0.5,
2024-05-15,Wednesday,20,5,Q2,2024,False,False,False,False,,,Cloudy,26.1,62,3.7,
2024-05-16,Thursday,20,5,Q2,2024,False,False,False,False,,,Sunny,27.5,75,1.7,
2024-05-17,Friday,20,5,Q2,2024,False,False,False,False,,,Cloudy,32.0,30,6.4,
2024-05-18,Saturday,20,5,Q2,2024,True,False,False,False,,,Rainy,37.8,36,39.8,Weekly Market
2024-05-19,Sunday,20,5,Q2,2024,True,False,False,False,,,Cloudy,38.8,58,1.0,Weekly Market
2024-05-20,Monday,21,5,Q2,2024,False,False,False,False,,,Sunny,31.1,69,0.8,
2024-05-21,Tuesday,21,5,Q2,2024,False,False,False,False,,,Storm,32.8,65,101.5,
2024-05-22,Wednesday,21,5,Q2,2024,False,False,False,False,,,Storm,28.5,40,66.1,
2024-05-23,Thursday,21,5,Q2,2024,False,False,False,False,,,Sunny,37.0,69,1.7,
2024-05-24,Friday,21,5,Q2,2024,False,False,False,False,,,Storm,38.2,33,87.7,
2024-05-25,Saturday,21,5,Q2,2024,True,False,False,True,,,Sunny,25.9,54,1.2,
2024-05-26,Sunday,21,5,Q2,2024,True,False,False,False,,,Rainy,35.6,53,45.0,Weekly Market
2024-05-27,Monday,22,5,Q2,2024,False,False,False,False,,,Sunny,34.8,44,1.8,
2024-05-28,Tuesday,22,5,Q2,2024,False,False,False,False,,,Storm,35.7,43,70.7,
2024-05-29,Wednesday,22,5,Q2,2024,False,False,False,False,,,Cloudy,33.4,59,5.4,
2024-05-30,Thursday,22,5,Q2,2024,False,False,False,True,,,Cloudy,36.5,71,1.5,
2024-05-31,Friday,22,5,Q2,2024,False,False,True,False,,,Cloudy,37.7,75,1.1,Cricket Match
2024-06-01,Saturday,22,6,Q2,2024,True,True,False,True,,,Cloudy,31.2,66,5.3,
2024-06-02,Sunday,22,6,Q2,2024,True,False,False,False,,,Cloudy,32.4,87,0.1,Weekly Market
2024-06-03,Monday,23,6,Q2,2024,False,False,False,False,,,Rainy,25.3,89,40.0,
2024-06-04,Tuesday,23,6,Q2,2024,False,False,False,False,,,Rainy,26.0,73,31.3,
2024-06-05,Wednesday,23,6,Q2,2024,False,False,False,False,,,Rainy,32.8,84,47.3,
2024-06-06,Thursday,23,6,Q2,2024,False,False,False,False,,,Rainy,26.0,88,42.2,
2024-06-07,Friday,23,6,Q2,2024,False,False,False,True,,,Storm,33.8,89,43.5,
2024-06-08,Saturday,23,6,Q2,2024,True,False,False,False,,,Rainy,28.9,70,38.8,
2024-06-09,Sunday,23,6,Q2,2024,True,False,False,False,,,Cloudy,26.7,65,6.7,Weekly Market
2024-06-10,Monday,24,6,Q2,2024,False,False,False,False,,,Storm,33.5,82,135.2,
2024-06-11,Tuesday,24,6,Q2,2024,False,False,False,False,,,Rainy,28.7,76,53.1,
2024-06-12,Wednesday,24,6,Q2,2024,False,False,False,False,,,Rainy,31.5,80,12.6,
2024-06-13,Thursday,24,6,Q2,2024,False,False,False,False,,,Rainy,30.0,69,28.6,
2024-06-14,Friday,24,6,Q2,2024,False,False,False,False,,,Storm,30.8,85,84.2,
2024-06-15,Saturday,24,6,Q2,2024,True,False,False,False,,,Rainy,25.8,65,32.9,
2024-06-16,Sunday,24,6,Q2,2024,True,False,False,False,,,Sunny,32.0,73,0.9,Weekly Market
2024-06-17,Monday,25,6,Q2,2024,False,False,False,False,Bakrid,Bakrid,Rainy,25.2,93,25.5,Shopping Festival
2024-06-18,Tuesday,25,6,Q2,2024,False,False,False,False,,,Cloudy,28.7,71,5.5,
2024-06-19,Wednesday,25,6,Q2,2024,False,False,False,False,,,Rainy,32.6,66,24.8,
2024-06-20,Thursday,25,6,Q2,2024,False,False,False,False,,,Rainy,27.0,89,53.7,
2024-06-21,Friday,25,6,Q2,2024,False,False,False,False,,,Rainy,27.8,95,13.8,
2024-06-22,Saturday,25,6,Q2,2024,True,False,False,False,,,Rainy,28.2,94,21.6,
2024-06-23,Sunday,25,6,Q2,2024,True,False,False,False,,,Rainy,27.2,68,11.7,Weekly Market
2024-06-24,Monday,26,6,Q2,2024,False,False,False,False,,,Rainy,32.9,81,23.4,
2024-06-25,Tuesday,26,6,Q2,2024,False,False,False,True,,,Rainy,30.5,90,51.2,
2024-06-26,Wednesday,26,6,Q2,2024,False,False,False,False,,,Cloudy,32.8,79,7.0,Election
2024-06-27,Thursday,26,6,Q2,2024,False,False,False,False,,,Rainy,28.4,98,36.2,
2024-06-28,Friday,26,6,Q2,2024,False,False,False,False,,,Cloudy,30.1,86,4.5,
2024-06-29,Saturday,26,6,Q2,2024,True,False,False,False,,,Sunny,27.1,70,1.2,
2024-06-30,Sunday,26,6,Q2,2024,True,False,True,True,,,Rainy,33.0,77,16.7,Weekly Market
2024-07-01,Monday,27,7,Q3,2024,False,True,False,True,,,Rainy,27.2,89,44.3,
2024-07-02,Tuesday,27,7,Q3,2024,False,False,False,False,,,Rainy,28.5,80,40.8,
2024-07-03,Wednesday,27,7,Q3,2024,False,False,False,False,,,Cloudy,27.4,97,4.1,
2024-07-04,Thursday,27,7,Q3,2024,False,False,False,False,,,Storm,30.9,98,113.3,
2024-07-05,Friday,27,7,Q3,2024,False,False,False,False,,,Cloudy,33.5,80,4.5,
2024-07-06,Saturday,27,7,Q3,2024,True,False,False,False,,,Rainy,24.9,76,53.2,
2024-07-07,Sunday,27,7,Q3,2024,True,False,False,True,,,Cloudy,31.0,94,4.4,Weekly Market
2024-07-08,Monday,28,7,Q3,2024,False,False,False,False,,,Cloudy,25.0,86,3.7,Weekly Market
2024-07-09,Tuesday,28,7,Q3,2024,False,False,False,False,,,Rainy,30.4,69,29.8,
2024-07-10,Wednesday,28,7,Q3,2024,False,False,False,False,,,Rainy,29.1,91,46.2,
2024-07-11,Thursday,28,7,Q3,2024,False,False,False,False,,,Cloudy,33.9,86,3.9,
2024-07-12,Friday,28,7,Q3,2024,False,False,False,False,,,Sunny,29.7,98,1.6,
2024-07-13,Saturday,28,7,Q3,2024,True,False,False,False,,,Cloudy,32.6,65,7.9,
2024-07-14,Sunday,28,7,Q3,2024,True,False,False,False,,,Storm,25.5,77,58.6,Weekly Market
2024-07-15,Monday,29,7,Q3,2024,False,False,False,False,,,Rainy,29.6,83,12.1,
2024-07-16,Tuesday,29,7,Q3,2024,False,False,False,False,,,Storm,30.3,90,82.0,
2024-07-17,Wednesday,29,7,Q3,2024,False,False,False,False,,,Cloudy,31.6,77,1.3,Cricket Match
2024-07-18,Thursday,29,7,Q3,2024,False,False,False,False,,,Cloudy,28.5,79,5.4,
2024-07-19,Friday,29,7,Q3,2024,False,False,False,False,,,Rainy,28.8,87,12.6,
2024-07-20,Saturday,29,7,Q3,2024,True,False,False,False,,,Cloudy,29.2,95,6.8,
2024-07-21,Sunday,29,7,Q3,2024,True,False,False,False,,,Rainy,31.0,66,52.5,Weekly Market
2024-07-22,Monday,30,7,Q3,2024,False,False,False,False,,,Cloudy,28.9,65,4.6,
2024-07-23,Tuesday,30,7,Q3,2024,False,False,False,False,,,Cloudy,29.9,65,5.5,
2024-07-24,Wednesday,30,7,Q3,2024,False,False,False,False,,,Rainy,26.6,87,10.0,
2024-07-25,Thursday,30,7,Q3,2024,False,False,False,True,,,Rainy,32.9,91,15.2,
2024-07-26,Friday,30,7,Q3,2024,False,False,False,False,,,Rainy,24.6,83,23.8,
2024-07-27,Saturday,30,7,Q3,2024,True,False,False,False,,,Rainy,25.4,97,33.4,
2024-07-28,Sunday,30,7,Q3,2024,True,False,False,False,,,Rainy,31.7,74,8.2,Weekly Market
2024-07-29,Monday,31,7,Q3,2024,False,False,False,False,,,Cloudy,33.4,83,7.1,
2024-07-30,Tuesday,31,7,Q3,2024,False,False,False,True,,,Rainy,29.7,76,19.6,
2024-07-31,Wednesday,31,7,Q3,2024,False,False,True,False,,,Sunny,33.5,89,2.0,
2024-08-01,Thursday,31,8,Q3,2024,False,True,False,True,,,Rainy,25.6,84,36.1,
2024-08-02,Friday,31,8,Q3,2024,False,False,False,False,,,Rainy,27.2,65,47.3,
2024-08-03,Saturday,31,8,Q3,2024,True,False,False,False,,,Sunny,25.8,91,1.2,
2024-08-04,Sunday,31,8,Q3,2024,True,False,False,False,,,Rainy,24.7,90,9.6,Weekly Market
2024-08-05,Monday,32,8,Q3,2024,False,False,False,False,,,Cloudy,28.1,84,2.1,Election
2024-08-06,Tuesday,32,8,Q3,2024,False,False,False,False,,,Storm,25.2,84,35.9,
2024-08-07,Wednesday,32,8,Q3,2024,False,False,False,True,,,Rainy,32.2,90,51.2,
2024-08-08,Thursday,32,8,Q3,2024,False,False,False,False,,,Rainy,32.3,69,31.1,
2024-08-09,Friday,32,8,Q3,2024,False,False,False,False,,,Cloudy,27.8,76,3.1,
2024-08-10,Saturday,32,8,Q3,2024,True,False,False,False,,,Sunny,28.5,85,0.1,
2024-08-11,Sunday,32,8,Q3,2024,True,False,False,False,,,Cloudy,28.9,98,2.8,Weekly Market
2024-08-12,Monday,33,8,Q3,2024,False,False,False,False,,,Rainy,24.9,84,32.8,
2024-08-13,Tuesday,33,8,Q3,2024,False,False,False,False,,,Rainy,24.5,79,39.8,
2024-08-14,Wednesday,33,8,Q3,2024,False,False,False,False,,,Storm,28.0,95,137.6,
2024-08-15,Thursday,33,8,Q3,2024,False,False,False,False,Independence Day,Independence Day,Cloudy,33.9,98,0.9,
2024-08-16,Friday,33,8,Q3,2024,False,False,False,False,,,Storm,33.9,85,113.1,
2024-08-17,Saturday,33,8,Q3,2024,True,False,False,False,,,Cloudy,32.7,69,7.7,
2024-08-18,Sunday,33,8,Q3,2024,True,False,False,False,,,Rainy,26.4,84,20.9,Weekly Market
2024-08-19,Monday,34,8,Q3,2024,False,False,False,False,,,Rainy,24.1,80,18.8,
2024-08-20,Tuesday,34,8,Q3,2024,False,False,False,False,,,Rainy,25.1,70,37.7,
2024-08-21,Wednesday,34,8,Q3,2024,False,False,False,False,,,Rainy,31.5,72,48.5,
2024-08-22,Thursday,34,8,Q3,2024,False,False,False,False,,,Cloudy,24.9,75,7.3,Weekly Market
2024-08-23,Friday,34,8,Q3,2024,False,False,False,False,,,Rainy,28.7,66,25.3,
2024-08-24,Saturday,34,8,Q3,2024,True,False,False,False,,,Sunny,29.0,79,0.8,
2024-08-25,Sunday,34,8,Q3,2024,True,False,False,True,,,Rainy,32.6,80,31.0,Weekly Market
2024-08-26,Monday,35,8,Q3,2024,False,False,False,False,,,Cloudy,28.4,81,7.3,
2024-08-27,Tuesday,35,8,Q3,2024,False,False,False,False,,,Rainy,24.3,79,28.8,
2024-08-28,Wednesday,35,8,Q3,2024,False,False,False,False,,,Cloudy,30.8,68,1.8,
2024-08-29,Thursday,35,8,Q3,2024,False,False,False,False,,,Rainy,33.1,81,49.9,
2024-08-30,Friday,35,8,Q3,2024,False,False,False,True,,,Cloudy,30.1,69,1.7,
2024-08-31,Saturday,35,8,Q3,2024,True,False,True,False,,,Cloudy,28.0,96,3.0,
2024-09-01,Sunday,35,9,Q3,2024,True,True,False,True,,,Rainy,32.4,92,8.2,Weekly Market
2024-09-02,Monday,36,9,Q3,2024,False,False,False,False,,,Cloudy,24.9,98,5.3,
2024-09-03,Tuesday,36,9,Q3,2024,False,False,False,False,,,Sunny,28.5,75,0.5,
2024-09-04,Wednesday,36,9,Q3,2024,False,False,False,False,,,Cloudy,31.4,80,3.1,
2024-09-05,Thursday,36,9,Q3,2024,False,False,False,False,,,Rainy,29.8,88,50.3,
2024-09-06,Friday,36,9,Q3,2024,False,False,False,False,,,Rainy,25.2,85,19.8,
2024-09-07,Saturday,36,9,Q3,2024,True,False,False,True,Ganesh Chaturthi,Ganesh Chaturthi,Rainy,28.9,85,20.3,
2024-09-08,Sunday,36,9,Q3,2024,True,False,False,False,,,Cloudy,31.2,71,1.9,Weekly Market
2024-09-09,Monday,37,9,Q3,2024,False,False,False,False,,,Rainy,31.1,88,37.1,
2024-09-10,Tuesday,37,9,Q3,2024,False,False,False,False,,,Sunny,29.4,87,0.6,
2024-09-11,Wednesday,37,9,Q3,2024,False,False,False,False,,,Cloudy,27.4,68,2.4,
2024-09-12,Thursday,37,9,Q3,2024,False,False,False,False,,,Rainy,31.6,77,25.4,
2024-09-13,Friday,37,9,Q3,2024,False,False,False,False,,,Storm,24.2,85,128.3,
2024-09-14,Saturday,37,9,Q3,2024,True,False,False,False,,,Cloudy,25.3,71,3.5,
2024-09-15,Sunday,37,9,Q3,2024,True,False,False,False,,,Rainy,27.0,89,40.1,Weekly Market
2024-09-16,Monday,38,9,Q3,2024,False,False,False,False,,,Sunny,26.4,77,1.5,
2024-09-17,Tuesday,38,9,Q3,2024,False,False,False,False,,,Cloudy,24.1,90,7.5,
2024-09-18,Wednesday,38,9,Q3,2024,False,False,False,False,,,Rainy,26.0,94,34.1,
2024-09-19,Thursday,38,9,Q3,2024,False,False,False,False,,,Rainy,26.5,94,24.3,
2024-09-20,Friday,38,9,Q3,2024,False,False,False,False,,,Rainy,28.4,88,35.5,
2024-09-21,Saturday,38,9,Q3,2024,True,False,False,False,,,Rainy,30.0,74,34.9,
2024-09-22,Sunday,38,9,Q3,2024,True,False,False,False,,,Sunny,32.9,71,0.4,Weekly Market
2024-09-23,Monday,39,9,Q3,2024,False,False,False,False,,,Rainy,28.9,74,48.8,
2024-09-24,Tuesday,39,9,Q3,2024,False,False,False,False,,,Rainy,28.6,82,10.7,
2024-09-25,Wednesday,39,9,Q3,2024,False,False,False,True,,,Rainy,24.5,66,43.5,
2024-09-26,Thursday,39,9,Q3,2024,False,False,False,False,,,Cloudy,28.7,82,7.9,
2024-09-27,Friday,39,9,Q3,2024,False,False,False,False,,,Storm,26.3,71,111.1,
2024-09-28,Saturday,39,9,Q3,2024,True,False,False,False,,,Cloudy,33.3,72,7.4,
2024-09-29,Sunday,39,9,Q3,2024,True,False,False,False,,,Rainy,30.3,86,44.8,Weekly Market
2024-09-30,Monday,40,9,Q3,2024,False,False,True,True,,,Sunny,26.4,81,0.6,
2024-10-01,Tuesday,40,10,Q4,2024,False,True,False,True,,,Sunny,26.0,78,0.7,
2024-10-02,Wednesday,40,10,Q4,2024,False,False,False,False,Gandhi Jayanti,Gandhi Jayanti,Sunny,14.8,35,0.2,
2024-10-03,Thursday,40,10,Q4,2024,False,False,False,False,,,Sunny,20.4,38,1.4,
2024-10-04,Friday,40,10,Q4,2024,False,False,False,False,,,Sunny,24.8,59,0.6,
2024-10-05,Saturday,40,10,Q4,2024,True,False,False,False,,,Cloudy,23.4,59,4.2,
2024-10-06,Sunday,40,10,Q4,2024,True,False,False,False,,,Rainy,13.0,44,24.7,Weekly Market
2024-10-07,Monday,41,10,Q4,2024,False,False,False,True,,,Cloudy,19.6,45,6.1,
2024-10-08,Tuesday,41,10,Q4,2024,False,False,False,False,,,Sunny,27.6,62,0.1,
2024-10-09,Wednesday,41,10,Q4,2024,False,False,False,False,,,Cloudy,23.4,40,2.1,
2024-10-10,Thursday,41,10,Q4,2024,False,False,False,False,,,Sunny,14.3,36,0.2,
2024-10-11,Friday,41,10,Q4,2024,False,False,False,False,,,Cloudy,30.0,57,4.7,
2024-10-12,Saturday,41,10,Q4,2024,True,False,False,False,Dasara,Dasara,Sunny,21.2,47,0.2,
2024-10-13,Sunday,41,10,Q4,2024,True,False,False,False,,,Sunny,14.0,60,0.0,Weekly Market
2024-10-14,Monday,42,10,Q4,2024,False,False,False,False,,,Sunny,30.6,42,0.4,
2024-10-15,Tuesday,42,10,Q4,2024,False,False,False,False,,,Rainy,28.8,32,43.4,
2024-10-16,Wednesday,42,10,Q4,2024,False,False,False,False,,,Sunny,15.1,30,0.4,
2024-10-17,Thursday,42,10,Q4,2024,False,False,False,False,,,Sunny,20.5,34,0.2,
2024-10-18,Friday,42,10,Q4,2024,False,False,False,False,,,Sunny,15.3,30,1.9,
2024-10-19,Saturday,42,10,Q4,2024,True,False,False,False,,,Sunny,19.6,49,0.7,Concert
2024-10-20,Sunday,42,10,Q4,2024,True,False,False,False,,,Cloudy,13.4,56,2.6,Weekly Market
2024-10-21,Monday,43,10,Q4,2024,False,False,False,False,,,Rainy,17.7,60,12.2,
2024-10-22,Tuesday,43,10,Q4,2024,False,False,False,False,,,Cloudy,15.7,70,0.9,
2024-10-23,Wednesday,43,10,Q4,2024,False,False,False,False,,,Sunny,14.0,59,1.9,
2024-10-24,Thursday,43,10,Q4,2024,False,False,False,False,,,Sunny,25.9,66,0.4,
2024-10-25,Friday,43,10,Q4,2024,False,False,False,True,,,Cloudy,15.8,56,4.1,
2024-10-26,Saturday,43,10,Q4,2024,True,False,False,False,,,Sunny,23.4,70,1.3,
2024-10-27,Sunday,43,10,Q4,2024,True,False,False,False,,,Cloudy,16.2,55,4.9,Weekly Market
2024-10-28,Monday,44,10,Q4,2024,False,False,False,False,,,Sunny,28.1,63,1.4,
2024-10-29,Tuesday,44,10,Q4,2024,False,False,False,False,,,Sunny,26.1,30,0.0,
2024-10-30,Wednesday,44,10,Q4,2024,False,False,False,True,,,Sunny,26.6,43,1.4,
2024-10-31,Thursday,44,10,Q4,2024,False,False,True,False,Diwali,Diwali,Sunny,13.6,77,0.0,
2024-11-01,Friday,44,11,Q4,2024,False,True,False,True,,,Cloudy,30.0,49,4.1,
2024-11-02,Saturday,44,11,Q4,2024,True,False,False,False,,,Sunny,16.5,52,0.1,
2024-11-03,Sunday,44,11,Q4,2024,True,False,False,False,,,Rainy,30.8,50,46.0,Weekly Market
2024-11-04,Monday,45,11,Q4,2024,False,False,False,False,,,Sunny,29.5,45,1.8,
2024-11-05,Tuesday,45,11,Q4,2024,False,False,False,False,,,Sunny,28.5,30,0.4,
2024-11-06,Wednesday,45,11,Q4,2024,False,False,False,False,,,Storm,18.6,41,42.8,
2024-11-07,Thursday,45,11,Q4,2024,False,False,False,True,,,Sunny,26.2,55,0.2,
2024-11-08,Friday,45,11,Q4,2024,False,False,False,False,,,Sunny,18.6,50,1.0,
2024-11-09,Saturday,45,11,Q4,2024,True,False,False,False,,,Sunny,16.6,33,1.4,
2024-11-10,Sunday,45,11,Q4,2024,True,False,False,False,,,Cloudy,15.6,78,2.5,Weekly Market
2024-11-11,Monday,46,11,Q4,2024,False,False,False,False,,,Sunny,24.6,33,1.7,Cricket Match
2024-11-12,Tuesday,46,11,Q4,2024,False,False,False,False,,,Cloudy,13.4,57,2.2,
2024-11-13,Wednesday,46,11,Q4,2024,False,False,False,False,,,Cloudy,26.7,41,0.9,
2024-11-14,Thursday,46,11,Q4,2024,False,False,False,False,,,Sunny,17.9,78,0.6,
2024-11-15,Friday,46,11,Q4,2024,False,False,False,False,,,Sunny,16.3,37,1.0,
2024-11-16,Saturday,46,11,Q4,2024,True,False,False,False,,,Sunny,24.5,77,1.1,
2024-11-17,Sunday,46,11,Q4,2024,True,False,False,False,,,Sunny,28.7,61,0.3,Weekly Market
2024-11-18,Monday,47,11,Q4,2024,False,False,False,False,,,Sunny,29.1,73,1.5,
2024-11-19,Tuesday,47,11,Q4,2024,False,False,False,False,,,Sunny,19.8,62,1.5,
2024-11-20,Wednesday,47,11,Q4,2024,False,False,False,False,,,Storm,19.2,45,101.1,Weekly Market
2024-11-21,Thursday,47,11,Q4,2024,False,False,False,False,,,Sunny,24.5,45,0.1,
2024-11-22,Friday,47,11,Q4,2024,False,False,False,False,,,Sunny,26.2,68,1.1,
2024-11-23,Saturday,47,11,Q4,2024,True,False,False,False,,,Sunny,29.5,67,1.2,
2024-11-24,Sunday,47,11,Q4,2024,True,False,False,False,,,Cloudy,30.3,42,6.7,Weekly Market
2024-11-25,Monday,48,11,Q4,2024,False,False,False,True,,,Cloudy,16.1,36,0.8,
2024-11-26,Tuesday,48,11,Q4,2024,False,False,False,False,,,Sunny,30.0,49,0.6,Concert
2024-11-27,Wednesday,48,11,Q4,2024,False,False,False,False,,,Sunny,18.7,63,1.5,
2024-11-28,Thursday,48,11,Q4,2024,False,False,False,False,,,Cloudy,16.3,38,6.4,
2024-11-29,Friday,48,11,Q4,2024,False,False,False,False,,,Rainy,14.6,75,52.8,
2024-11-30,Saturday,48,11,Q4,2024,True,False,True,True,,,Sunny,29.1,67,1.1,
2024-12-01,Sunday,48,12,Q4,2024,True,True,False,True,,,Sunny,16.5,58,1.3,Weekly Market
2024-12-02,Monday,49,12,Q4,2024,False,False,False,False,,,Sunny,21.2,52,0.8,
2024-12-03,Tuesday,49,12,Q4,2024,False,False,False,False,,,Sunny,15.5,66,0.2,Shopping Festival
2024-12-04,Wednesday,49,12,Q4,2024,False,False,False,False,,,Cloudy,20.9,70,1.0,Political Rally
2024-12-05,Thursday,49,12,Q4,2024,False,False,False,False,,,Cloudy,25.4,39,7.6,
2024-12-06,Friday,49,12,Q4,2024,False,False,False,False,,,Sunny,21.1,30,1.0,
2024-12-07,Saturday,49,12,Q4,2024,True,False,False,True,,,Sunny,25.3,58,0.4,
2024-12-08,Sunday,49,12,Q4,2024,True,False,False,False,,,Cloudy,18.1,30,5.6,Weekly Market
2024-12-09,Monday,50,12,Q4,2024,False,False,False,False,,,Cloudy,26.8,44,3.5,
2024-12-10,Tuesday,50,12,Q4,2024,False,False,False,False,,,Sunny,18.4,77,1.4,
2024-12-11,Wednesday,50,12,Q4,2024,False,False,False,False,,,Sunny,26.7,41,0.3,
2024-12-12,Thursday,50,12,Q4,2024,False,False,False,False,,,Rainy,13.2,32,37.1,
2024-12-13,Friday,50,12,Q4,2024,False,False,False,False,,,Cloudy,14.6,46,4.0,
2024-12-14,Saturday,50,12,Q4,2024,True,False,False,False,,,Cloudy,27.2,46,3.6,
2024-12-15,Sunday,50,12,Q4,2024,True,False,False,False,,,Sunny,18.8,44,1.2,Weekly Market
2024-12-16,Monday,51,12,Q4,2024,False,False,False,False,,,Rainy,28.5,35,41.6,
2024-12-17,Tuesday,51,12,Q4,2024,False,False,False,False,,,Sunny,23.1,36,1.5,
2024-12-18,Wednesday,51,12,Q4,2024,False,False,False,False,,,Cloudy,22.2,65,0.3,
2024-12-19,Thursday,51,12,Q4,2024,False,False,False,False,,,Sunny,24.2,63,0.4,Shopping Festival
2024-12-20,Friday,51,12,Q4,2024,False,False,False,False,,,Sunny,29.4,52,1.3,
2024-12-21,Saturday,51,12,Q4,2024,True,False,False,False,,,Sunny,26.6,66,1.1,
2024-12-22,Sunday,51,12,Q4,2024,True,False,False,False,,,Sunny,29.8,48,0.5,Weekly Market
2024-12-23,Monday,52,12,Q4,2024,False,False,False,False,,,Cloudy,12.2,40,4.3,
2024-12-24,Tuesday,52,12,Q4,2024,False,False,False,False,,,Cloudy,18.2,63,1.8,
2024-12-25,Wednesday,52,12,Q4,2024,False,False,False,True,Christmas,Christmas,Sunny,22.8,40,1.5,
2024-12-26,Thursday,52,12,Q4,2024,False,False,False,False,,,Sunny,30.1,51,0.8,
2024-12-27,Friday,52,12,Q4,2024,False,False,False,False,,,Sunny,19.1,37,0.4,
2024-12-28,Saturday,52,12,Q4,2024,True,False,False,False,,,Sunny,19.1,62,1.7,
2024-12-29,Sunday,52,12,Q4,2024,True,False,False,False,,,Sunny,17.8,31,1.7,Weekly Market
2024-12-30,Monday,1,12,Q4,2024,False,False,False,True,,,Cloudy,13.7,52,3.0,
2024-12-31,Tuesday,1,12,Q4,2024,False,False,True,False,,,Sunny,28.7,61,0.6,
2025-01-01,Wednesday,1,1,Q1,2025,False,True,False,True,New Year,New Year,Sunny,21.3,76,0.9,
2025-01-02,Thursday,1,1,Q1,2025,False,False,False,False,,,Sunny,19.9,42,0.5,Political Rally
2025-01-03,Friday,1,1,Q1,2025,False,False,False,False,,,Sunny,29.4,51,0.5,
2025-01-04,Saturday,1,1,Q1,2025,True,False,False,False,,,Sunny,30.5,53,0.8,
2025-01-05,Sunday,1,1,Q1,2025,True,False,False,False,,,Sunny,24.4,60,1.3,Weekly Market
2025-01-06,Monday,2,1,Q1,2025,False,False,False,False,,,Sunny,15.8,72,0.3,
2025-01-07,Tuesday,2,1,Q1,2025,False,False,False,True,,,Cloudy,19.6,35,7.3,
2025-01-08,Wednesday,2,1,Q1,2025,False,False,False,False,,,Sunny,18.1,51,1.0,
2025-01-09,Thursday,2,1,Q1,2025,False,False,False,False,,,Sunny,23.3,49,1.4,
2025-01-10,Friday,2,1,Q1,2025,False,False,False,False,,,Cloudy,29.4,49,4.1,
2025-01-11,Saturday,2,1,Q1,2025,True,False,False,False,,,Sunny,23.2,42,0.6,Cricket Match
2025-01-12,Sunday,2,1,Q1,2025,True,False,False,False,,,Storm,23.5,43,128.6,Weekly Market
2025-01-13,Monday,3,1,Q1,2025,False,False,False,False,,,Cloudy,19.8,68,7.6,
2025-01-14,Tuesday,3,1,Q1,2025,False,False,False,False,Sankranti,Sankranti,Sunny,27.5,55,0.4,
2025-01-15,Wednesday,3,1,Q1,2025,False,False,False,False,,,Sunny,14.1,59,1.8,
2025-01-16,Thursday,3,1,Q1,2025,False,False,False,False,,,Sunny,15.5,51,0.8,
2025-01-17,Friday,3,1,Q1,2025,False,False,False,False,,,Sunny,23.4,65,1.9,
2025-01-18,Saturday,3,1,Q1,2025,True,False,False,False,,,Cloudy,28.4,51,1.8,
2025-01-19,Sunday,3,1,Q1,2025,True,False,False,False,,,Sunny,12.3,37,0.2,Weekly Market
2025-01-20,Monday,4,1,Q1,2025,False,False,False,False,,,Sunny,17.7,71,0.2,
2025-01-21,Tuesday,4,1,Q1,2025,False,False,False,False,,,Sunny,15.3,70,1.0,
2025-01-22,Wednesday,4,1,Q1,2025,False,False,False,False,,,Sunny,28.5,49,0.5,
2025-01-23,Thursday,4,1,Q1,2025,False,False,False,False,,,Sunny,27.8,50,1.6,
2025-01-24,Friday,4,1,Q1,2025,False,False,False,False,,,Sunny,25.8,40,1.8,
2025-01-25,Saturday,4,1,Q1,2025,True,False,False,True,,,Cloudy,16.3,63,7.0,
2025-01-26,Sunday,4,1,Q1,2025,True,False,False,False,Republic Day,Republic Day,Sunny,28.1,77,1.3,Weekly Market
2025-01-27,Monday,5,1,Q1,2025,False,False,False,False,,,Sunny,18.6,48,1.2,
2025-01-28,Tuesday,5,1,Q1,2025,False,False,False,False,,,Sunny,14.4,37,0.9,
2025-01-29,Wednesday,5,1,Q1,2025,False,False,False,False,,,Sunny,25.7,61,1.3,
2025-01-30,Thursday,5,1,Q1,2025,False,False,False,True,,,Cloudy,30.9,63,2.4,
2025-01-31,Friday,5,1,Q1,2025,False,False,True,False,,,Sunny,13.3,71,0.6,
2025-02-01,Saturday,5,2,Q1,2025,True,True,False,True,,,Cloudy,28.6,64,6.9,
2025-02-02,Sunday,5,2,Q1,2025,True,False,False,False,,,Cloudy,17.9,56,2.8,Weekly Market
2025-02-03,Monday,6,2,Q1,2025,False,False,False,False,,,Sunny,28.0,39,0.8,
2025-02-04,Tuesday,6,2,Q1,2025,False,False,False,False,,,Cloudy,30.3,52,5.3,
2025-02-05,Wednesday,6,2,Q1,2025,False,False,False,False,,,Rainy,15.4,54,18.7,
2025-02-06,Thursday,6,2,Q1,2025,False,False,False,False,,,Cloudy,16.2,54,2.9,
2025-02-07,Friday,6,2,Q1,2025,False,False,False,True,,,Sunny,17.8,65,1.2,
2025-02-08,Saturday,6,2,Q1,2025,True,False,False,False,,,Storm,19.4,55,84.2,
2025-02-09,Sunday,6,2,Q1,2025,True,False,False,False,,,Sunny,19.1,63,1.8,Weekly Market
2025-02-10,Monday,7,2,Q1,2025,False,False,False,False,,,Cloudy,23.4,70,1.1,
2025-02-11,Tuesday,7,2,Q1,2025,False,False,False,False,,,Storm,28.8,38,92.9,
2025-02-12,Wednesday,7,2,Q1,2025,False,False,False,False,,,Sunny,30.6,46,0.6,
2025-02-13,Thursday,7,2,Q1,2025,False,False,False,False,,,Sunny,28.2,44,0.8,
2025-02-14,Friday,7,2,Q1,2025,False,False,False,False,,,Sunny,27.4,37,0.0,
2025-02-15,Saturday,7,2,Q1,2025,True,False,False,False,,,Storm,27.3,41,56.6,
2025-02-16,Sunday,7,2,Q1,2025,True,False,False,False,,,Sunny,29.2,31,0.7,Weekly Market
2025-02-17,Monday,8,2,Q1,2025,False,False,False,False,,,Cloudy,29.5,38,0.9,
2025-02-18,Tuesday,8,2,Q1,2025,False,False,False,False,,,Sunny,25.1,41,1.4,
2025-02-19,Wednesday,8,2,Q1,2025,False,False,False,False,,,Sunny,23.2,54,1.7,
2025-02-20,Thursday,8,2,Q1,2025,False,False,False,False,,,Sunny,23.6,31,0.9,
2025-02-21,Friday,8,2,Q1,2025,False,False,False,False,,,Cloudy,18.2,47,5.3,
2025-02-22,Saturday,8,2,Q1,2025,True,False,False,False,,,Sunny,16.8,69,1.1,
2025-02-23,Sunday,8,2,Q1,2025,True,False,False,False,,,Sunny,24.7,41,0.8,Weekly Market
2025-02-24,Monday,9,2,Q1,2025,False,False,False,False,,,Sunny,28.3,75,1.8,
2025-02-25,Tuesday,9,2,Q1,2025,False,False,False,True,,,Sunny,13.3,48,1.0,Shopping Festival
2025-02-26,Wednesday,9,2,Q1,2025,False,False,False,False,Mahashivratri,Mahashivratri,Cloudy,14.3,47,3.4,
2025-02-27,Thursday,9,2,Q1,2025,False,False,False,False,,,Cloudy,15.0,60,3.8,
2025-02-28,Friday,9,2,Q1,2025,False,False,True,False,,,Sunny,20.7,46,0.8,
2025-03-01,Saturday,9,3,Q1,2025,True,True,False,True,,,Sunny,25.5,41,1.6,
2025-03-02,Sunday,9,3,Q1,2025,True,False,False,False,,,Rainy,31.0,33,30.8,Weekly Market
2025-03-03,Monday,10,3,Q1,2025,False,False,False,False,,,Cloudy,39.3,31,4.5,
2025-03-04,Tuesday,10,3,Q1,2025,False,False,False,False,,,Rainy,33.8,38,38.2,
2025-03-05,Wednesday,10,3,Q1,2025,False,False,False,False,,,Cloudy,39.2,67,5.0,Election
2025-03-06,Thursday,10,3,Q1,2025,False,False,False,False,,,Sunny,38.3,30,0.2,
2025-03-07,Friday,10,3,Q1,2025,False,False,False,True,,,Sunny,30.7,39,0.9,
2025-03-08,Saturday,10,3,Q1,2025,True,False,False,False,,,Rainy,25.2,40,39.3,
2025-03-09,Sunday,10,3,Q1,2025,True,False,False,False,,,Sunny,40.8,51,1.0,Weekly Market
2025-03-10,Monday,11,3,Q1,2025,False,False,False,False,,,Cloudy,32.0,72,1.1,
2025-03-11,Tuesday,11,3,Q1,2025,False,False,False,False,,,Storm,31.8,30,65.6,
2025-03-12,Wednesday,11,3,Q1,2025,False,False,False,False,,,Sunny,34.3,62,0.6,
2025-03-13,Thursday,11,3,Q1,2025,False,False,False,False,,,Sunny,31.6,46,0.5,
2025-03-14,Friday,11,3,Q1,2025,False,False,False,False,Holi,Holi,Cloudy,41.3,49,1.4,
2025-03-15,Saturday,11,3,Q1,2025,True,False,False,False,,,Sunny,28.5,71,0.5,
2025-03-16,Sunday,11,3,Q1,2025,True,False,False,False,,,Sunny,33.2,73,1.8,Weekly Market
2025-03-17,Monday,12,3,Q1,2025,False,False,False,False,,,Cloudy,29.1,60,2.8,
2025-03-18,Tuesday,12,3,Q1,2025,False,False,False,False,,,Rainy,38.4,59,49.4,
2025-03-19,Wednesday,12,3,Q1,2025,False,False,False,False,,,Sunny,37.7,73,1.3,
2025-03-20,Thursday,12,3,Q1,2025,False,False,False,False,,,Sunny,26.1,41,1.8,
2025-03-21,Friday,12,3,Q1,2025,False,False,False,False,,,Cloudy,30.9,72,4.0,
2025-03-22,Saturday,12,3,Q1,2025,True,False,False,False,,,Storm,36.4,59,131.3,
2025-03-23,Sunday,12,3,Q1,2025,True,False,False,False,,,Rainy,40.6,31,29.2,Weekly Market
2025-03-24,Monday,13,3,Q1,2025,False,False,False,False,,,Cloudy,34.4,47,3.4,
2025-03-25,Tuesday,13,3,Q1,2025,False,False,False,True,,,Rainy,32.7,29,47.8,
2025-03-26,Wednesday,13,3,Q1,2025,False,False,False,False,,,Sunny,35.1,69,0.9,
2025-03-27,Thursday,13,3,Q1,2025,False,False,False,False,,,Sunny,33.1,67,0.0,
2025-03-28,Friday,13,3,Q1,2025,False,False,False,False,,,Storm,32.6,73,99.0,
2025-03-29,Saturday,13,3,Q1,2025,True,False,False,False,,,Sunny,36.7,46,1.3,
2025-03-30,Sunday,13,3,Q1,2025,True,False,False,True,Ugadi,Ugadi,Sunny,33.2,28,2.0,Weekly Market
2025-03-31,Monday,14,3,Q1,2025,False,False,True,False,Ramzan,Ramzan,Sunny,36.1,60,1.7,
2025-04-01,Tuesday,14,4,Q2,2025,False,True,False,True,,,Sunny,39.7,70,1.9,
2025-04-02,Wednesday,14,4,Q2,2025,False,False,False,False,,,Sunny,35.8,49,1.4,
2025-04-03,Thursday,14,4,Q2,2025,False,False,False,False,,,Sunny,32.0,64,1.7,
2025-04-04,Friday,14,4,Q2,2025,False,False,False,False,,,Sunny,40.5,46,1.6,
2025-04-05,Saturday,14,4,Q2,2025,True,False,False,False,,,Sunny,27.2,59,1.3,Shopping Festival
2025-04-06,Sunday,14,4,Q2,2025,True,False,False,False,,,Sunny,32.8,39,0.2,Weekly Market
2025-04-07,Monday,15,4,Q2,2025,False,False,False,True,,,Sunny,41.5,43,1.1,
2025-04-08,Tuesday,15,4,Q2,2025,False,False,False,False,,,Sunny,33.0,28,0.0,Election
2025-04-09,Wednesday,15,4,Q2,2025,False,False,False,False,,,Cloudy,29.9,32,6.9,
2025-04-10,Thursday,15,4,Q2,2025,False,False,False,False,,,Rainy,35.2,30,51.5,
2025-04-11,Friday,15,4,Q2,2025,False,False,False,False,,,Sunny,39.1,74,1.4,
2025-04-12,Saturday,15,4,Q2,2025,True,False,False,False,,,Sunny,26.6,56,0.7,
2025-04-13,Sunday,15,4,Q2,2025,True,False,False,False,,,Cloudy,38.4,60,4.5,Weekly Market
2025-04-14,Monday,16,4,Q2,2025,False,False,False,False,,,Sunny,28.8,55,0.2,Shopping Festival
2025-04-15,Tuesday,16,4,Q2,2025,False,False,False,False,,,Sunny,29.0,28,1.5,
2025-04-16,Wednesday,16,4,Q2,2025,False,False,False,False,,,Rainy,32.3,66,17.5,
2025-04-17,Thursday,16,4,Q2,2025,False,False,False,False,,,Cloudy,30.8,50,1.0,
2025-04-18,Friday,16,4,Q2,2025,False,False,False,False,Good Friday,Good Friday,Sunny,30.9,26,0.3,
2025-04-19,Saturday,16,4,Q2,2025,True,False,False,False,,,Sunny,34.4,61,1.5,
2025-04-20,Sunday,16,4,Q2,2025,True,False,False,False,,,Rainy,30.2,29,12.2,Weekly Market
2025-04-21,Monday,17,4,Q2,2025,False,False,False,False,,,Sunny,41.7,52,0.5,
2025-04-22,Tuesday,17,4,Q2,2025,False,False,False,False,,,Sunny,30.0,64,0.7,
2025-04-23,Wednesday,17,4,Q2,2025,False,False,False,False,,,Cloudy,36.9,32,4.9,
2025-04-24,Thursday,17,4,Q2,2025,False,False,False,False,,,Sunny,39.1,36,0.0,
2025-04-25,Friday,17,4,Q2,2025,False,False,False,True,,,Cloudy,32.6,57,7.2,
2025-04-26,Saturday,17,4,Q2,2025,True,False,False,False,,,Cloudy,35.5,67,5.5,
2025-04-27,Sunday,17,4,Q2,2025,True,False,False,False,,,Cloudy,30.7,70,6.8,Weekly Market
2025-04-28,Monday,18,4,Q2,2025,False,False,False,False,,,Sunny,36.6,73,0.3,
2025-04-29,Tuesday,18,4,Q2,2025,False,False,False,False,,,Sunny,26.3,34,0.2,
2025-04-30,Wednesday,18,4,Q2,2025,False,False,True,True,,,Rainy,37.8,40,49.4,
2025-05-01,Thursday,18,5,Q2,2025,False,True,False,True,,,Storm,31.3,25,58.3,
2025-05-02,Friday,18,5,Q2,2025,False,False,False,False,,,Cloudy,34.2,52,5.5,
2025-05-03,Saturday,18,5,Q2,2025,True,False,False,False,,,Sunny,39.1,46,0.2,
2025-05-04,Sunday,18,5,Q2,2025,True,False,False,False,,,Cloudy,39.3,29,6.8,Weekly Market
2025-05-05,Monday,19,5,Q2,2025,False,False,False,False,,,Cloudy,38.9,38,4.0,
2025-05-06,Tuesday,19,5,Q2,2025,False,False,False,False,,,Storm,39.8,27,89.9,
2025-05-07,Wednesday,19,5,Q2,2025,False,False,False,True,,,Cloudy,32.0,50,0.9,
2025-05-08,Thursday,19,5,Q2,2025,False,False,False,False,,,Storm,26.2,63,127.8,
2025-05-09,Friday,19,5,Q2,2025,False,False,False,False,,,Sunny,38.2,28,1.6,
2025-05-10,Saturday,19,5,Q2,2025,True,False,False,False,,,Cloudy,35.7,31,0.1,
2025-05-11,Sunday,19,5,Q2,2025,True,False,False,False,,,Cloudy,35.3,35,4.0,Weekly Market
2025-05-12,Monday,20,5,Q2,2025,False,False,False,False,,,Cloudy,25.8,61,6.0,
2025-05-13,Tuesday,20,5,Q2,2025,False,False,False,False,,,Cloudy,40.3,47,4.9,
2025-05-14,Wednesday,20,5,Q2,2025,False,False,False,False,,,Storm,38.5,46,134.5,
2025-05-15,Thursday,20,5,Q2,2025,False,False,False,False,,,Sunny,32.6,51,2.0,Weekly Market
2025-05-16,Friday,20,5,Q2,2025,False,False,False,False,,,Rainy,30.4,72,41.8,
2025-05-17,Saturday,20,5,Q2,2025,True,False,False,False,,,Cloudy,31.9,74,1.4,Weekly Market
2025-05-18,Sunday,20,5,Q2,2025,True,False,False,False,,,Cloudy,25.0,61,4.9,Weekly Market
2025-05-19,Monday,21,5,Q2,2025,False,False,False,False,,,Sunny,25.1,64,1.5,
2025-05-20,Tuesday,21,5,Q2,2025,False,False,False,False,,,Sunny,27.6,48,0.2,
2025-05-21,Wednesday,21,5,Q2,2025,False,False,False,False,,,Sunny,27.8,40,0.1,
2025-05-22,Thursday,21,5,Q2,2025,False,False,False,False,,,Cloudy,27.0,32,0.2,Weekly Market
2025-05-23,Friday,21,5,Q2,2025,False,False,False,False,,,Cloudy,28.9,58,1.4,
2025-05-24,Saturday,21,5,Q2,2025,True,False,False,False,,,Cloudy,28.6,45,4.5,
2025-05-25,Sunday,21,5,Q2,2025,True,False,False,True,,,Sunny,31.5,28,1.7,Weekly Market
2025-05-26,Monday,22,5,Q2,2025,False,False,False,False,,,Sunny,35.8,33,0.2,Election
2025-05-27,Tuesday,22,5,Q2,2025,False,False,False,False,,,Sunny,37.9,62,0.6,
2025-05-28,Wednesday,22,5,Q2,2025,False,False,False,False,,,Rainy,41.9,41,36.9,
2025-05-29,Thursday,22,5,Q2,2025,False,False,False,False,,,Sunny,41.9,63,0.1,
2025-05-30,Friday,22,5,Q2,2025,False,False,False,True,,,Sunny,40.6,66,0.9,
2025-05-31,Saturday,22,5,Q2,2025,True,False,True,False,,,Cloudy,34.6,65,4.0,
2025-06-01,Sunday,22,6,Q2,2025,True,True,False,True,,,Rainy,24.3,94,15.4,Weekly Market
2025-06-02,Monday,23,6,Q2,2025,False,False,False,False,,,Storm,24.6,77,78.0,
2025-06-03,Tuesday,23,6,Q2,2025,False,False,False,False,,,Storm,32.1,69,89.0,
2025-06-04,Wednesday,23,6,Q2,2025,False,False,False,False,,,Cloudy,33.8,95,2.6,
2025-06-05,Thursday,23,6,Q2,2025,False,False,False,False,,,Cloudy,32.0,87,3.1,
2025-06-06,Friday,23,6,Q2,2025,False,False,False,False,,,Cloudy,29.8,77,5.1,
2025-06-07,Saturday,23,6,Q2,2025,True,False,False,True,Bakrid,Bakrid,Rainy,28.6,86,17.2,
2025-06-08,Sunday,23,6,Q2,2025,True,False,False,False,,,Cloudy,25.6,90,3.4,Weekly Market
2025-06-09,Monday,24,6,Q2,2025,False,False,False,False,,,Cloudy,28.0,74,3.5,
2025-06-10,Tuesday,24,6,Q2,2025,False,False,False,False,,,Sunny,32.5,96,1.1,
2025-06-11,Wednesday,24,6,Q2,2025,False,False,False,False,,,Cloudy,29.2,82,6.8,
2025-06-12,Thursday,24,6,Q2,2025,False,False,False,False,,,Cloudy,32.1,91,2.3,Shopping Festival
2025-06-13,Friday,24,6,Q2,2025,False,False,False,False,,,Rainy,28.1,98,28.2,
2025-06-14,Saturday,24,6,Q2,2025,True,False,False,False,,,Rainy,30.3,86,15.3,
2025-06-15,Sunday,24,6,Q2,2025,True,False,False,False,,,Sunny,31.4,78,0.9,Weekly Market
2025-06-16,Monday,25,6,Q2,2025,False,False,False,False,,,Rainy,34.0,70,17.9,Political Rally
2025-06-17,Tuesday,25,6,Q2,2025,False,False,False,False,,,Rainy,30.8,92,42.1,
2025-06-18,Wednesday,25,6,Q2,2025,False,False,False,False,,,Rainy,25.6,89,20.5,
2025-06-19,Thursday,25,6,Q2,2025,False,False,False,False,,,Rainy,33.0,86,24.2,
2025-06-20,Friday,25,6,Q2,2025,False,False,False,False,,,Sunny,31.0,71,1.8,
2025-06-21,Saturday,25,6,Q2,2025,True,False,False,False,,,Cloudy,28.7,80,0.1,
2025-06-22,Sunday,25,6,Q2,2025,True,False,False,False,,,Rainy,33.9,97,32.6,Weekly Market
2025-06-23,Monday,26,6,Q2,2025,False,False,False,False,,,Rainy,32.4,82,42.3,
2025-06-24,Tuesday,26,6,Q2,2025,False,False,False,False,,,Sunny,29.7,93,0.0,Election
2025-06-25,Wednesday,26,6,Q2,2025,False,False,False,True,,,Cloudy,26.5,88,5.8,
2025-06-26,Thursday,26,6,Q2,2025,False,False,False,False,,,Sunny,32.0,97,0.7,
2025-06-27,Friday,26,6,Q2,2025,False,False,False,False,,,Rainy,30.7,89,31.9,Cricket Match
2025-06-28,Saturday,26,6,Q2,2025,True,False,False,False,,,Rainy,26.5,93,54.8,Concert
2025-06-29,Sunday,26,6,Q2,2025,True,False,False,False,,,Rainy,30.1,82,39.3,Weekly Market
2025-06-30,Monday,27,6,Q2,2025,False,False,True,True,,,Cloudy,33.2,73,2.0,
2025-07-01,Tuesday,27,7,Q3,2025,False,True,False,True,,,Storm,26.1,77,47.9,
2025-07-02,Wednesday,27,7,Q3,2025,False,False,False,False,,,Rainy,26.6,90,23.1,
2025-07-03,Thursday,27,7,Q3,2025,False,False,False,False,,,Rainy,31.3,75,54.5,
2025-07-04,Friday,27,7,Q3,2025,False,False,False,False,,,Cloudy,31.9,96,0.4,
2025-07-05,Saturday,27,7,Q3,2025,True,False,False,False,,,Cloudy,24.3,71,2.0,
2025-07-06,Sunday,27,7,Q3,2025,True,False,False,False,,,Storm,30.2,98,97.2,Weekly Market
2025-07-07,Monday,28,7,Q3,2025,False,False,False,True,,,Cloudy,27.1,80,4.8,Weekly Market
2025-07-08,Tuesday,28,7,Q3,2025,False,False,False,False,,,Sunny,25.8,71,1.7,
2025-07-09,Wednesday,28,7,Q3,2025,False,False,False,False,,,Rainy,29.9,86,42.0,
2025-07-10,Thursday,28,7,Q3,2025,False,False,False,False,,,Rainy,29.9,65,31.1,
2025-07-11,Friday,28,7,Q3,2025,False,False,False,False,,,Sunny,33.1,68,1.6,
2025-07-12,Saturday,28,7,Q3,2025,True,False,False,False,,,Storm,27.4,75,53.2,
2025-07-13,Sunday,28,7,Q3,2025,True,False,False,False,,,Rainy,25.0,80,50.3,Weekly Market
2025-07-14,Monday,29,7,Q3,2025,False,False,False,False,,,Rainy,24.8,88,39.2,
2025-07-15,Tuesday,29,7,Q3,2025,False,False,False,False,,,Storm,29.0,76,96.1,
2025-07-16,Wednesday,29,7,Q3,2025,False,False,False,False,,,Storm,29.0,81,110.0,
2025-07-17,Thursday,29,7,Q3,2025,False,False,False,False,,,Cloudy,30.9,71,0.4,
2025-07-18,Friday,29,7,Q3,2025,False,False,False,False,,,Sunny,24.5,97,1.6,
2025-07-19,Saturday,29,7,Q3,2025,True,False,False,False,,,Cloudy,25.1,93,1.6,
2025-07-20,Sunday,29,7,Q3,2025,True,False,False,False,,,Cloudy,33.6,68,4.3,Weekly Market
2025-07-21,Monday,30,7,Q3,2025,False,False,False,False,,,Storm,31.0,90,83.5,
2025-07-22,Tuesday,30,7,Q3,2025,False,False,False,False,,,Rainy,25.3,80,22.6,
2025-07-23,Wednesday,30,7,Q3,2025,False,False,False,False,,,Rainy,33.7,97,13.5,
2025-07-24,Thursday,30,7,Q3,2025,False,False,False,False,,,Storm,26.3,81,80.5,
2025-07-25,Friday,30,7,Q3,2025,False,False,False,True,,,Sunny,32.7,92,1.3,
2025-07-26,Saturday,30,7,Q3,2025,True,False,False,False,,,Cloudy,31.6,70,7.8,
2025-07-27,Sunday,30,7,Q3,2025,True,False,False,False,,,Sunny,27.8,83,0.8,Weekly Market
2025-07-28,Monday,31,7,Q3,2025,False,False,False,False,,,Rainy,28.0,78,53.6,
2025-07-29,Tuesday,31,7,Q3,2025,False,False,False,False,,,Rainy,32.0,92,50.6,
2025-07-30,Wednesday,31,7,Q3,2025,False,False,False,True,,,Sunny,33.4,92,0.4,
2025-07-31,Thursday,31,7,Q3,2025,False,False,True,False,,,Rainy,26.9,78,54.9,
2025-08-01,Friday,31,8,Q3,2025,False,True,False,True,,,Cloudy,27.9,76,4.8,
2025-08-02,Saturday,31,8,Q3,2025,True,False,False,False,,,Rainy,31.2,67,28.0,
2025-08-03,Sunday,31,8,Q3,2025,True,False,False,False,,,Sunny,25.4,87,1.6,Weekly Market
2025-08-04,Monday,32,8,Q3,2025,False,False,False,False,,,Cloudy,30.4,72,0.2,
2025-08-05,Tuesday,32,8,Q3,2025,False,False,False,False,,,Rainy,31.5,69,49.4,
2025-08-06,Wednesday,32,8,Q3,2025,False,False,False,False,,,Cloudy,29.9,87,6.4,
2025-08-07,Thursday,32,8,Q3,2025,False,False,False,True,,,Cloudy,29.4,70,6.0,
2025-08-08,Friday,32,8,Q3,2025,False,False,False,False,,,Cloudy,28.9,78,1.8,
2025-08-09,Saturday,32,8,Q3,2025,True,False,False,False,,,Rainy,30.1,90,41.7,
2025-08-10,Sunday,32,8,Q3,2025,True,False,False,False,,,Storm,28.8,83,138.9,Weekly Market
2025-08-11,Monday,33,8,Q3,2025,False,False,False,False,,,Storm,33.7,79,80.5,
2025-08-12,Tuesday,33,8,Q3,2025,False,False,False,False,,,Rainy,33.5,69,19.4,
2025-08-13,Wednesday,33,8,Q3,2025,False,False,False,False,,,Rainy,32.1,75,10.7,
2025-08-14,Thursday,33,8,Q3,2025,False,False,False,False,,,Rainy,30.0,79,30.3,
2025-08-15,Friday,33,8,Q3,2025,False,False,False,False,Independence Day,Independence Day,Rainy,27.8,92,40.6,Election
2025-08-16,Saturday,33,8,Q3,2025,True,False,False,False,,,Rainy,27.3,78,11.1,
2025-08-17,Sunday,33,8,Q3,2025,True,False,False,False,,,Rainy,31.5,85,19.0,Weekly Market
2025-08-18,Monday,34,8,Q3,2025,False,False,False,False,,,Rainy,30.0,76,43.7,
2025-08-19,Tuesday,34,8,Q3,2025,False,False,False,False,,,Rainy,30.6,82,32.2,
2025-08-20,Wednesday,34,8,Q3,2025,False,False,False,False,,,Sunny,32.1,79,0.0,
2025-08-21,Thursday,34,8,Q3,2025,False,False,False,False,,,Rainy,26.4,92,44.3,
2025-08-22,Friday,34,8,Q3,2025,False,False,False,False,,,Cloudy,26.1,91,7.0,
2025-08-23,Saturday,34,8,Q3,2025,True,False,False,False,,,Cloudy,29.9,70,6.0,
2025-08-24,Sunday,34,8,Q3,2025,True,False,False,False,,,Rainy,27.9,80,46.7,Weekly Market
2025-08-25,Monday,35,8,Q3,2025,False,False,False,True,,,Sunny,28.9,77,1.4,
2025-08-26,Tuesday,35,8,Q3,2025,False,False,False,False,,,Storm,25.7,81,55.6,
2025-08-27,Wednesday,35,8,Q3,2025,False,False,False,False,Ganesh Chaturthi,Ganesh Chaturthi,Storm,28.1,78,45.3,
2025-08-28,Thursday,35,8,Q3,2025,False,False,False,False,,,Rainy,26.4,81,48.9,
2025-08-29,Friday,35,8,Q3,2025,False,False,False,False,,,Rainy,24.7,66,36.4,
2025-08-30,Saturday,35,8,Q3,2025,True,False,False,True,,,Rainy,32.7,80,28.3,
2025-08-31,Sunday,35,8,Q3,2025,True,False,True,False,,,Rainy,27.6,73,32.9,Weekly Market
2025-09-01,Monday,36,9,Q3,2025,False,True,False,True,,,Sunny,25.3,76,0.4,
2025-09-02,Tuesday,36,9,Q3,2025,False,False,False,False,,,Rainy,24.5,77,28.1,
2025-09-03,Wednesday,36,9,Q3,2025,False,False,False,False,,,Rainy,30.9,83,35.1,
2025-09-04,Thursday,36,9,Q3,2025,False,False,False,False,,,Rainy,26.4,98,14.5,
2025-09-05,Friday,36,9,Q3,2025,False,False,False,False,,,Cloudy,31.6,76,6.2,
2025-09-06,Saturday,36,9,Q3,2025,True,False,False,False,,,Rainy,28.4,68,46.8,
2025-09-07,Sunday,36,9,Q3,2025,True,False,False,True,,,Rainy,25.8,89,38.5,Weekly Market
2025-09-08,Monday,37,9,Q3,2025,False,False,False,False,,,Storm,31.5,66,92.8,Temple Festival
2025-09-09,Tuesday,37,9,Q3,2025,False,False,False,False,,,Rainy,28.1,94,21.0,
2025-09-10,Wednesday,37,9,Q3,2025,False,False,False,False,,,Rainy,24.3,73,53.8,
2025-09-11,Thursday,37,9,Q3,2025,False,False,False,False,,,Rainy,31.4,96,41.4,
2025-09-12,Friday,37,9,Q3,2025,False,False,False,False,,,Cloudy,31.4,82,4.6,Shopping Festival
2025-09-13,Saturday,37,9,Q3,2025,True,False,False,False,,,Rainy,27.5,77,14.8,Weekly Market
2025-09-14,Sunday,37,9,Q3,2025,True,False,False,False,,,Rainy,29.3,81,13.0,Weekly Market
2025-09-15,Monday,38,9,Q3,2025,False,False,False,False,,,Rainy,33.2,75,18.3,Cricket Match
2025-09-16,Tuesday,38,9,Q3,2025,False,False,False,False,,,Sunny,30.8,65,1.8,
2025-09-17,Wednesday,38,9,Q3,2025,False,False,False,False,,,Rainy,29.3,83,51.9,
2025-09-18,Thursday,38,9,Q3,2025,False,False,False,False,,,Rainy,26.1,81,48.4,
2025-09-19,Friday,38,9,Q3,2025,False,False,False,False,,,Rainy,31.7,75,29.2,
2025-09-20,Saturday,38,9,Q3,2025,True,False,False,False,,,Rainy,24.3,95,43.0,
2025-09-21,Sunday,38,9,Q3,2025,True,False,False,False,,,Cloudy,29.6,65,7.4,Weekly Market
2025-09-22,Monday,39,9,Q3,2025,False,False,False,False,,,Sunny,24.2,73,1.3,
2025-09-23,Tuesday,39,9,Q3,2025,False,False,False,False,,,Rainy,30.8,89,53.5,
2025-09-24,Wednesday,39,9,Q3,2025,False,False,False,False,,,Sunny,30.4,95,0.2,
2025-09-25,Thursday,39,9,Q3,2025,False,False,False,True,,,Rainy,27.0,97,41.4,
2025-09-26,Friday,39,9,Q3,2025,False,False,False,False,,,Rainy,33.6,91,32.1,
2025-09-27,Saturday,39,9,Q3,2025,True,False,False,False,,,Rainy,24.8,71,12.2,
2025-09-28,Sunday,39,9,Q3,2025,True,False,False,False,,,Rainy,28.1,88,17.5,Weekly Market
2025-09-29,Monday,40,9,Q3,2025,False,False,False,False,,,Rainy,24.1,82,24.8,
2025-09-30,Tuesday,40,9,Q3,2025,False,False,True,True,,,Rainy,25.9,91,33.3,
2025-10-01,Wednesday,40,10,Q4,2025,False,True,False,True,,,Sunny,24.3,46,1.4,
2025-10-02,Thursday,40,10,Q4,2025,False,False,False,False,Gandhi Jayanti,Dasara,Rainy,12.5,34,40.7,Shopping Festival
2025-10-03,Friday,40,10,Q4,2025,False,False,False,False,,,Rainy,23.1,59,46.4,
2025-10-04,Saturday,40,10,Q4,2025,True,False,False,False,,,Sunny,18.5,70,0.8,
2025-10-05,Sunday,40,10,Q4,2025,True,False,False,False,,,Sunny,26.6,73,1.5,Weekly Market
2025-10-06,Monday,41,10,Q4,2025,False,False,False,False,,,Cloudy,14.8,49,2.0,
2025-10-07,Tuesday,41,10,Q4,2025,False,False,False,True,,,Sunny,21.5,56,1.6,
2025-10-08,Wednesday,41,10,Q4,2025,False,False,False,False,,,Sunny,22.6,70,0.6,
2025-10-09,Thursday,41,10,Q4,2025,False,False,False,False,,,Sunny,22.6,71,1.9,
2025-10-10,Friday,41,10,Q4,2025,False,False,False,False,,,Cloudy,27.7,38,0.8,
2025-10-11,Saturday,41,10,Q4,2025,True,False,False,False,,,Sunny,26.9,32,1.3,
2025-10-12,Sunday,41,10,Q4,2025,True,False,False,False,,,Sunny,30.3,78,0.3,Weekly Market
2025-10-13,Monday,42,10,Q4,2025,False,False,False,False,,,Sunny,23.0,67,1.0,
2025-10-14,Tuesday,42,10,Q4,2025,False,False,False,False,,,Cloudy,13.3,51,2.8,
2025-10-15,Wednesday,42,10,Q4,2025,False,False,False,False,,,Sunny,19.8,48,0.0,
2025-10-16,Thursday,42,10,Q4,2025,False,False,False,False,,,Sunny,15.9,57,0.7,
2025-10-17,Friday,42,10,Q4,2025,False,False,False,False,,,Sunny,25.5,69,1.3,
2025-10-18,Saturday,42,10,Q4,2025,True,False,False,False,,,Sunny,23.9,76,1.7,
2025-10-19,Sunday,42,10,Q4,2025,True,False,False,False,,,Cloudy,20.7,39,6.3,Weekly Market
2025-10-20,Monday,43,10,Q4,2025,False,False,False,False,Diwali,Diwali,Storm,30.8,47,47.7,
2025-10-21,Tuesday,43,10,Q4,2025,False,False,False,False,,,Sunny,19.1,36,1.1,
2025-10-22,Wednesday,43,10,Q4,2025,False,False,False,False,,,Cloudy,15.8,40,7.1,
2025-10-23,Thursday,43,10,Q4,2025,False,False,False,False,,,Cloudy,20.2,73,0.8,
2025-10-24,Friday,43,10,Q4,2025,False,False,False,False,,,Sunny,13.3,71,1.0,
2025-10-25,Saturday,43,10,Q4,2025,True,False,False,True,,,Sunny,20.3,72,0.7,
2025-10-26,Sunday,43,10,Q4,2025,True,False,False,False,,,Cloudy,13.4,71,2.0,Weekly Market
2025-10-27,Monday,44,10,Q4,2025,False,False,False,False,,,Sunny,27.8,76,0.7,
2025-10-28,Tuesday,44,10,Q4,2025,False,False,False,False,,,Sunny,15.1,39,0.1,
2025-10-29,Wednesday,44,10,Q4,2025,False,False,False,False,,,Sunny,15.2,53,0.2,Shopping Festival
2025-10-30,Thursday,44,10,Q4,2025,False,False,False,True,,,Cloudy,20.9,44,3.1,
2025-10-31,Friday,44,10,Q4,2025,False,False,True,False,,,Cloudy,24.8,55,2.0,
2025-11-01,Saturday,44,11,Q4,2025,True,True,False,True,,,Sunny,22.4,30,1.5,
2025-11-02,Sunday,44,11,Q4,2025,True,False,False,False,,,Sunny,13.3,35,0.5,Weekly Market
2025-11-03,Monday,45,11,Q4,2025,False,False,False,False,,,Cloudy,25.8,76,2.9,
2025-11-04,Tuesday,45,11,Q4,2025,False,False,False,False,,,Sunny,25.1,55,0.8,
2025-11-05,Wednesday,45,11,Q4,2025,False,False,False,False,,,Sunny,27.4,40,0.3,
2025-11-06,Thursday,45,11,Q4,2025,False,False,False,False,,,Sunny,12.8,74,1.0,
2025-11-07,Friday,45,11,Q4,2025,False,False,False,True,,,Sunny,22.7,64,2.0,Temple Festival
2025-11-08,Saturday,45,11,Q4,2025,True,False,False,False,,,Sunny,19.9,77,0.3,
2025-11-09,Sunday,45,11,Q4,2025,True,False,False,False,,,Cloudy,30.7,52,6.2,Weekly Market
2025-11-10,Monday,46,11,Q4,2025,False,False,False,False,,,Sunny,17.9,66,1.8,
2025-11-11,Tuesday,46,11,Q4,2025,False,False,False,False,,,Cloudy,17.6,43,2.7,
2025-11-12,Wednesday,46,11,Q4,2025,False,False,False,False,,,Sunny,29.0,63,0.7,
2025-11-13,Thursday,46,11,Q4,2025,False,False,False,False,,,Cloudy,29.5,37,5.5,
2025-11-14,Friday,46,11,Q4,2025,False,False,False,False,,,Cloudy,25.0,75,6.4,
2025-11-15,Saturday,46,11,Q4,2025,True,False,False,False,,,Sunny,22.7,32,1.8,
2025-11-16,Sunday,46,11,Q4,2025,True,False,False,False,,,Sunny,22.8,44,1.8,Weekly Market
2025-11-17,Monday,47,11,Q4,2025,False,False,False,False,,,Sunny,22.9,38,1.7,
2025-11-18,Tuesday,47,11,Q4,2025,False,False,False,False,,,Sunny,12.9,68,0.5,
2025-11-19,Wednesday,47,11,Q4,2025,False,False,False,False,,,Sunny,16.8,58,1.8,Temple Festival
2025-11-20,Thursday,47,11,Q4,2025,False,False,False,False,,,Sunny,16.0,43,0.6,
2025-11-21,Friday,47,11,Q4,2025,False,False,False,False,,,Cloudy,14.8,58,3.5,
2025-11-22,Saturday,47,11,Q4,2025,True,False,False,False,,,Cloudy,29.2,63,2.2,
2025-11-23,Sunday,47,11,Q4,2025,True,False,False,False,,,Sunny,29.5,40,1.5,Weekly Market
2025-11-24,Monday,48,11,Q4,2025,False,False,False,False,,,Sunny,12.7,62,0.4,
2025-11-25,Tuesday,48,11,Q4,2025,False,False,False,True,,,Cloudy,21.0,73,1.9,
2025-11-26,Wednesday,48,11,Q4,2025,False,False,False,False,,,Sunny,21.1,58,0.8,
2025-11-27,Thursday,48,11,Q4,2025,False,False,False,False,,,Cloudy,12.2,46,1.9,
2025-11-28,Friday,48,11,Q4,2025,False,False,False,False,,,Cloudy,18.9,33,4.1,
2025-11-29,Saturday,48,11,Q4,2025,True,False,False,False,,,Cloudy,16.2,64,7.6,
2025-11-30,Sunday,48,11,Q4,2025,True,False,True,True,,,Sunny,19.0,75,0.2,Weekly Market
2025-12-01,Monday,49,12,Q4,2025,False,True,False,True,,,Cloudy,14.0,59,3.8,Weekly Market
2025-12-02,Tuesday,49,12,Q4,2025,False,False,False,False,,,Sunny,25.9,40,1.0,
2025-12-03,Wednesday,49,12,Q4,2025,False,False,False,False,,,Sunny,23.5,51,1.8,
2025-12-04,Thursday,49,12,Q4,2025,False,False,False,False,,,Cloudy,17.2,73,7.1,
2025-12-05,Friday,49,12,Q4,2025,False,False,False,False,,,Cloudy,21.9,65,1.5,
2025-12-06,Saturday,49,12,Q4,2025,True,False,False,False,,,Sunny,25.7,73,0.0,
2025-12-07,Sunday,49,12,Q4,2025,True,False,False,True,,,Sunny,14.1,70,1.9,Weekly Market
2025-12-08,Monday,50,12,Q4,2025,False,False,False,False,,,Cloudy,22.0,38,2.0,
2025-12-09,Tuesday,50,12,Q4,2025,False,False,False,False,,,Sunny,29.6,54,0.6,
2025-12-10,Wednesday,50,12,Q4,2025,False,False,False,False,,,Sunny,15.7,37,1.5,
2025-12-11,Thursday,50,12,Q4,2025,False,False,False,False,,,Sunny,28.7,35,1.2,
2025-12-12,Friday,50,12,Q4,2025,False,False,False,False,,,Sunny,19.7,39,0.6,
2025-12-13,Saturday,50,12,Q4,2025,True,False,False,False,,,Rainy,28.3,58,25.0,
2025-12-14,Sunday,50,12,Q4,2025,True,False,False,False,,,Sunny,18.3,59,1.4,Weekly Market
2025-12-15,Monday,51,12,Q4,2025,False,False,False,False,,,Sunny,24.1,71,1.9,
2025-12-16,Tuesday,51,12,Q4,2025,False,False,False,False,,,Sunny,29.9,31,1.0,
2025-12-17,Wednesday,51,12,Q4,2025,False,False,False,False,,,Sunny,12.3,48,1.3,
2025-12-18,Thursday,51,12,Q4,2025,False,False,False,False,,,Sunny,15.2,45,0.1,
2025-12-19,Friday,51,12,Q4,2025,False,False,False,False,,,Storm,22.5,49,129.2,
2025-12-20,Saturday,51,12,Q4,2025,True,False,False,False,,,Sunny,29.3,77,1.2,
2025-12-21,Sunday,51,12,Q4,2025,True,False,False,False,,,Sunny,27.0,54,0.5,Weekly Market
2025-12-22,Monday,52,12,Q4,2025,False,False,False,False,,,Cloudy,14.6,59,2.2,
2025-12-23,Tuesday,52,12,Q4,2025,False,False,False,False,,,Sunny,15.5,43,0.5,
2025-12-24,Wednesday,52,12,Q4,2025,False,False,False,False,,,Cloudy,25.1,40,7.6,
2025-12-25,Thursday,52,12,Q4,2025,False,False,False,True,Christmas,Christmas,Sunny,23.0,30,2.0,
2025-12-26,Friday,52,12,Q4,2025,False,False,False,False,,,Sunny,25.6,60,1.7,
2025-12-27,Saturday,52,12,Q4,2025,True,False,False,False,,,Sunny,29.5,66,0.3,
2025-12-28,Sunday,52,12,Q4,2025,True,False,False,False,,,Sunny,28.9,77,0.3,Weekly Market
2025-12-29,Monday,1,12,Q4,2025,False,False,False,False,,,Cloudy,30.4,59,0.0,
2025-12-30,Tuesday,1,12,Q4,2025,False,False,False,True,,,Sunny,12.8,30,1.3,
2025-12-31,Wednesday,1,12,Q4,2025,False,False,True,False,,,Sunny,16.6,70,1.0,
