,previous_day_withdrawal,rolling_average_3,rolling_average_7,rolling_average_14,rolling_average_30,monthly_average,quarterly_average,withdrawal_growth_rate,cash_remaining_percentage,festival_weight,holiday_weight,salary_day_weight,weather_weight,event_weight,atm_type_encoded,city_encoded,days_since_last_refill,cash_utilisation,tomorrow_withdrawal,normal_withdrawal,actual_withdrawal,month,year
previous_day_withdrawal,1.0,0.9365,0.9185,0.9121,0.9088,0.9202,0.9121,0.2232,-0.5096,0.0186,0.0186,-0.0231,0.0483,0.0413,-0.1368,-0.0792,-0.2191,0.5096,0.8111,0.8111,0.804,-0.027,-0.0005
rolling_average_3,0.9365,1.0,0.9766,0.9706,0.9671,0.9734,0.9676,-0.033,-0.5354,-0.0007,-0.0007,-0.0219,0.0434,0.0018,-0.1454,-0.084,-0.2324,0.5354,0.8592,0.8592,0.8518,-0.0281,-0.001
rolling_average_7,0.9185,0.9766,1.0,0.9938,0.9896,0.9865,0.9851,-0.032,-0.5499,-0.0038,-0.0038,-0.0038,0.0449,0.0018,-0.1488,-0.086,-0.2375,0.5499,0.8966,0.8966,0.8887,-0.0309,-0.0026
rolling_average_14,0.9121,0.9706,0.9938,1.0,0.996,0.9874,0.9893,-0.0367,-0.5528,-0.001,-0.001,-0.006,0.041,0.0011,-0.1494,-0.0867,-0.2386,0.5528,0.8995,0.8995,0.8917,-0.0369,-0.0021
rolling_average_30,0.9088,0.9671,0.9896,0.996,1.0,0.9842,0.9899,-0.0388,-0.5545,0.0005,0.0005,-0.0036,0.0375,0.001,-0.1499,-0.0871,-0.2393,0.5545,0.9028,0.9028,0.8949,-0.0436,-0.0029
monthly_average,0.9202,0.9734,0.9865,0.9874,0.9842,1.0,0.9916,-0.0229,-0.5494,0.0048,0.0048,-0.0122,0.0506,-0.0004,-0.145,-0.0874,-0.2348,0.5494,0.8863,0.8863,0.8787,-0.0303,-0.0006
quarterly_average,0.9121,0.9676,0.9851,0.9893,0.9899,0.9916,1.0,-0.0289,-0.5533,0.0072,0.0072,-0.0067,0.0459,0.0008,-0.1457,-0.0887,-0.2372,0.5533,0.8935,0.8935,0.8859,-0.039,-0.0039
withdrawal_growth_rate,0.2232,-0.033,-0.032,-0.0367,-0.0388,-0.0229,-0.0289,1.0,-0.0006,0.0489,0.0489,-0.0239,0.011,0.1094,0.0135,0.0026,0.0102,0.0006,-0.0327,-0.0327,-0.0323,-0.011,-0.0044
cash_remaining_percentage,-0.5096,-0.5354,-0.5499,-0.5528,-0.5545,-0.5494,-0.5533,-0.0006,1.0,-0.0448,-0.0448,-0.0534,-0.0904,-0.0585,0.1191,0.1969,0.3274,-1.0,-0.5088,-0.5088,-0.5051,0.0111,-0.0015
festival_weight,0.0186,-0.0007,-0.0038,-0.001,0.0005,0.0048,0.0072,0.0489,-0.0448,1.0,1.0,0.0643,0.0249,0.0022,-0.0,0.0,-0.008,0.0448,0.0093,0.0093,0.0093,-0.0407,-0.006
holiday_weight,0.0186,-0.0007,-0.0038,-0.001,0.0005,0.0048,0.0072,0.0489,-0.0448,1.0,1.0,0.0643,0.0249,0.0022,-0.0,-0.0,-0.008,0.0448,0.0093,0.0093,0.0093,-0.0407,-0.006
salary_day_weight,-0.0231,-0.0219,-0.0038,-0.006,-0.0036,-0.0122,-0.0067,-0.0239,-0.0534,0.0643,0.0643,1.0,0.0606,-0.0244,-0.0,0.0,-0.0025,0.0534,0.0106,0.0106,0.0104,0.0098,0.0
weather_weight,0.0483,0.0434,0.0449,0.041,0.0375,0.0506,0.0459,0.011,-0.0904,0.0249,0.0249,0.0606,1.0,0.0368,-0.0,-0.0,-0.01,0.0904,0.0401,0.0401,0.0396,-0.0392,0.015
event_weight,0.0413,0.0018,0.0018,0.0011,0.001,-0.0004,0.0008,0.1094,-0.0585,0.0022,0.0022,-0.0244,0.0368,1.0,-0.0,0.0,-0.0062,0.0585,-0.0146,-0.0146,-0.0145,0.0149,-0.0121
atm_type_encoded,-0.1368,-0.1454,-0.1488,-0.1494,-0.1499,-0.145,-0.1457,0.0135,0.1191,-0.0,-0.0,-0.0,-0.0,-0.0,1.0,-0.2383,-0.0741,-0.1191,-0.1364,-0.1364,-0.1348,-0.0,0.0
city_encoded,-0.0792,-0.084,-0.086,-0.0867,-0.0871,-0.0874,-0.0887,0.0026,0.1969,0.0,-0.0,0.0,-0.0,0.0,-0.2383,1.0,0.0163,-0.1969,-0.0793,-0.0793,-0.0792,0.0,0.0
days_since_last_refill,-0.2191,-0.2324,-0.2375,-0.2386,-0.2393,-0.2348,-0.2372,0.0102,0.3274,-0.008,-0.008,-0.0025,-0.01,-0.0062,-0.0741,0.0163,1.0,-0.3274,-0.2151,-0.2151,-0.2132,0.0511,0.0011
cash_utilisation,0.5096,0.5354,0.5499,0.5528,0.5545,0.5494,0.5533,0.0006,-1.0,0.0448,0.0448,0.0534,0.0904,0.0585,-0.1191,-0.1969,-0.3274,1.0,0.5088,0.5088,0.5051,-0.0111,0.0015
tomorrow_withdrawal,0.8111,0.8592,0.8966,0.8995,0.9028,0.8863,0.8935,-0.0327,-0.5088,0.0093,0.0093,0.0106,0.0401,-0.0146,-0.1364,-0.0793,-0.2151,0.5088,1.0,1.0,0.9908,-0.0225,-0.0029
normal_withdrawal,0.8111,0.8592,0.8966,0.8995,0.9028,0.8863,0.8935,-0.0327,-0.5088,0.0093,0.0093,0.0106,0.0401,-0.0146,-0.1364,-0.0793,-0.2151,0.5088,1.0,1.0,0.9908,-0.0225,-0.0029
actual_withdrawal,0.804,0.8518,0.8887,0.8917,0.8949,0.8787,0.8859,-0.0323,-0.5051,0.0093,0.0093,0.0104,0.0396,-0.0145,-0.1348,-0.0792,-0.2132,0.5051,0.9908,0.9908,1.0,-0.0216,-0.003
month,-0.027,-0.0281,-0.0309,-0.0369,-0.0436,-0.0303,-0.039,-0.011,0.0111,-0.0407,-0.0407,0.0098,-0.0392,0.0149,-0.0,0.0,0.0511,-0.0111,-0.0225,-0.0225,-0.0216,1.0,-0.0037
year,-0.0005,-0.001,-0.0026,-0.0021,-0.0029,-0.0006,-0.0039,-0.0044,-0.0015,-0.006,-0.006,0.0,0.015,-0.0121,0.0,0.0,0.0011,0.0015,-0.0029,-0.0029,-0.003,-0.0037,1.0
