column,missing_count,missing_percentage
festival_name,101600,96.121
holiday_name,101600,96.121
local_event,81900,77.483
actual_withdrawal,0,0.0
anomaly,0,0.0
anomaly_type,0,0.0
atm_id,0,0.0
atm_type,0,0.0
atm_type_encoded,0,0.0
cash_remaining_percentage,0,0.0
cash_utilisation,0,0.0
city,0,0.0
city_encoded,0,0.0
date,0,0.0
day_of_week,0,0.0
days_since_last_refill,0,0.0
event_weight,0,0.0
festival_weight,0,0.0
holiday_weight,0,0.0
is_salary_day,0,0.0
is_weekend,0,0.0
month,0,0.0
monthly_average,0,0.0
normal_withdrawal,0,0.0
previous_day_withdrawal,0,0.0
quarter,0,0.0
quarterly_average,0,0.0
rolling_average_14,0,0.0
rolling_average_3,0,0.0
rolling_average_30,0,0.0
rolling_average_7,0,0.0
salary_day_weight,0,0.0
severity,0,0.0
tomorrow_withdrawal,0,0.0
weather,0,0.0
weather_weight,0,0.0
withdrawal_growth_rate,0,0.0
year,0,0.0
