,count,mean,std,min,25%,50%,75%,max,missing_count,missing_percentage
previous_day_withdrawal,105700.0,525844.691,323810.782,17051.29,277842.682,500000.0,730035.388,2000000.0,0,0.0
rolling_average_3,105700.0,526286.302,304762.874,24558.877,289093.898,500000.0,717594.85,1813192.497,0,0.0
rolling_average_7,105700.0,526756.52,297849.721,31317.406,290931.564,500000.0,716536.959,1566897.515,0,0.0
rolling_average_14,105700.0,527685.998,296314.841,32965.319,292228.161,500000.0,718555.096,1566897.515,0,0.0
rolling_average_30,105700.0,528251.92,295301.875,36806.881,293277.272,500000.0,719788.835,1566897.515,0,0.0
monthly_average,105700.0,534246.363,301765.417,27967.36,296711.956,500000.0,726184.244,2000000.0,0,0.0
quarterly_average,105700.0,536595.452,300146.716,27967.36,296987.989,500000.0,728806.072,2000000.0,0,0.0
withdrawal_growth_rate,105700.0,0.058,0.375,-0.85,-0.153,0.0,0.18,4.503,0,0.0
cash_remaining_percentage,105700.0,75.992,8.881,60.804,69.052,73.647,80.616,99.238,0,0.0
festival_weight,105700.0,1.023,0.116,1.0,1.0,1.0,1.0,1.6,0,0.0
holiday_weight,105700.0,1.01,0.048,1.0,1.0,1.0,1.0,1.25,0,0.0
salary_day_weight,105700.0,1.04,0.12,1.0,1.0,1.0,1.0,1.4,0,0.0
weather_weight,105700.0,0.93,0.089,0.7,0.85,0.95,1.0,1.0,0,0.0
event_weight,105700.0,1.043,0.091,1.0,1.0,1.0,1.0,1.5,0,0.0
atm_type_encoded,105700.0,4.56,2.879,0.0,2.0,4.0,7.0,10.0,0,0.0
city_encoded,105700.0,4.5,2.872,0.0,2.0,4.5,7.0,9.0,0,0.0
days_since_last_refill,105700.0,21.007,84.144,0.0,0.0,0.0,3.0,818.0,0,0.0
cash_utilisation,105700.0,24.008,8.881,0.762,19.384,26.353,30.948,39.196,0,0.0
tomorrow_withdrawal,105700.0,527312.053,324337.988,17051.29,279159.555,500000.0,733264.298,2000000.0,0,0.0
normal_withdrawal,105700.0,527312.053,324337.988,17051.29,279159.555,500000.0,733264.298,2000000.0,0,0.0
actual_withdrawal,105700.0,527112.166,326425.022,0.0,277443.82,500000.0,734423.145,2000000.0,0,0.0
month,105700.0,6.527,3.443,1.0,4.0,7.0,10.0,12.0,0,0.0
year,105700.0,2024.0,0.816,2023.0,2023.0,2024.0,2025.0,2025.0,0,0.0
