feature,importance
rolling_average_30,0.20618974399027412
rolling_average_14,0.17462385280625617
quarterly_average,0.15606566682967443
monthly_average,0.12371525224193701
rolling_average_7,0.10250298202363019
rolling_average_3,0.08823611327150396
previous_day_withdrawal,0.07025694985808353
cash_utilisation,0.023208878638551405
cash_remaining_percentage,0.019227988767267685
atm_type_encoded,0.011665819724783843
withdrawal_growth_rate,0.007746613083689722
days_since_last_refill,0.005819330277035391
city_encoded,0.004750735965190381
weather_weight,0.0027619441586697537
event_weight,0.0024324866954313763
salary_day_weight,0.0005474750218593108
holiday_weight,0.0001354925786909813
festival_weight,0.00011267406747078501
